--
-- PostgreSQL database dump
--

-- Dumped from database version 12.3 (Debian 12.3-1.pgdg100+1)

SET statement_timeout = 0;
SET lock_timeout = 0;
SET idle_in_transaction_session_timeout = 0;
SET client_encoding = 'UTF8';
SET standard_conforming_strings = on;
SELECT pg_catalog.set_config('search_path', '', false);
SET check_function_bodies = false;
SET xmloption = content;
SET client_min_messages = warning;
SET row_security = off;

SET default_tablespace = '';

SET default_table_access_method = heap;

--
-- Name: categories; Type: TABLE; Schema: public; Owner: dbuser
--

DROP TABLE IF EXISTS public.comments;
DROP TABLE IF EXISTS public.posts;
DROP TABLE IF EXISTS public.categories;
DROP TABLE IF EXISTS public.users;

CREATE TABLE public.categories (
    id integer NOT NULL,
    name character varying(255),
    active boolean DEFAULT false
);


ALTER TABLE public.categories OWNER TO dbuser;

--
-- Name: categories_id_seq; Type: SEQUENCE; Schema: public; Owner: dbuser
--

CREATE SEQUENCE public.categories_id_seq
    AS integer
    START WITH 1
    INCREMENT BY 1
    NO MINVALUE
    NO MAXVALUE
    CACHE 1;


ALTER TABLE public.categories_id_seq OWNER TO dbuser;

--
-- Name: categories_id_seq; Type: SEQUENCE OWNED BY; Schema: public; Owner: dbuser
--

ALTER SEQUENCE public.categories_id_seq OWNED BY public.categories.id;


--
-- Name: comments; Type: TABLE; Schema: public; Owner: dbuser
--

CREATE TABLE public.comments (
    id integer NOT NULL,
    user_id integer NOT NULL,
    post_id integer NULL DEFAULT NULL,
    message text,
    created_at timestamp(0) without time zone
);


ALTER TABLE public.comments OWNER TO dbuser;

--
-- Name: comments_id_seq; Type: SEQUENCE; Schema: public; Owner: dbuser
--

CREATE SEQUENCE public.comments_id_seq
    AS integer
    START WITH 1
    INCREMENT BY 1
    NO MINVALUE
    NO MAXVALUE
    CACHE 1;


ALTER TABLE public.comments_id_seq OWNER TO dbuser;

--
-- Name: comments_id_seq; Type: SEQUENCE OWNED BY; Schema: public; Owner: dbuser
--

ALTER SEQUENCE public.comments_id_seq OWNED BY public.comments.id;


--
-- Name: posts; Type: TABLE; Schema: public; Owner: dbuser
--

CREATE TABLE public.posts (
    id integer NOT NULL,
    category_id integer NOT NULL,
    name character varying(255),
    body text,
    author_id integer NOT NULL,
    publish_date date
);


ALTER TABLE public.posts OWNER TO dbuser;

--
-- Name: posts_id_seq; Type: SEQUENCE; Schema: public; Owner: dbuser
--

CREATE SEQUENCE public.posts_id_seq
    AS integer
    START WITH 1
    INCREMENT BY 1
    NO MINVALUE
    NO MAXVALUE
    CACHE 1;


ALTER TABLE public.posts_id_seq OWNER TO dbuser;

--
-- Name: posts_id_seq; Type: SEQUENCE OWNED BY; Schema: public; Owner: dbuser
--

ALTER SEQUENCE public.posts_id_seq OWNED BY public.posts.id;


--
-- Name: users; Type: TABLE; Schema: public; Owner: dbuser
--

CREATE TABLE public.users (
    id integer NOT NULL,
    username character varying(255),
    email character varying(255),
    password_hash character varying(255),
    auth_key character varying(255),
    created_at timestamp(0) without time zone,
    updated_at timestamp(0) without time zone DEFAULT NULL::timestamp without time zone
);


ALTER TABLE public.users OWNER TO dbuser;

--
-- Name: users_id_seq; Type: SEQUENCE; Schema: public; Owner: dbuser
--

CREATE SEQUENCE public.users_id_seq
    AS integer
    START WITH 1
    INCREMENT BY 1
    NO MINVALUE
    NO MAXVALUE
    CACHE 1;


ALTER TABLE public.users_id_seq OWNER TO dbuser;

--
-- Name: users_id_seq; Type: SEQUENCE OWNED BY; Schema: public; Owner: dbuser
--

ALTER SEQUENCE public.users_id_seq OWNED BY public.users.id;


--
-- Name: categories id; Type: DEFAULT; Schema: public; Owner: dbuser
--

ALTER TABLE ONLY public.categories ALTER COLUMN id SET DEFAULT nextval('public.categories_id_seq'::regclass);


--
-- Name: comments id; Type: DEFAULT; Schema: public; Owner: dbuser
--

ALTER TABLE ONLY public.comments ALTER COLUMN id SET DEFAULT nextval('public.comments_id_seq'::regclass);


--
-- Name: posts id; Type: DEFAULT; Schema: public; Owner: dbuser
--

ALTER TABLE ONLY public.posts ALTER COLUMN id SET DEFAULT nextval('public.posts_id_seq'::regclass);


--
-- Name: users id; Type: DEFAULT; Schema: public; Owner: dbuser
--

ALTER TABLE ONLY public.users ALTER COLUMN id SET DEFAULT nextval('public.users_id_seq'::regclass);


--
-- Data for Name: categories; Type: TABLE DATA; Schema: public; Owner: dbuser
--

INSERT INTO public.categories VALUES (1, 'Apple', true);
INSERT INTO public.categories VALUES (2, 'Banana', true);
INSERT INTO public.categories VALUES (3, 'Orange', false);
INSERT INTO public.categories VALUES (4, 'Strawberry', false);


--
-- Data for Name: comments; Type: TABLE DATA; Schema: public; Owner: dbuser
--

INSERT INTO public.comments VALUES (1, 2, 6, 'In quis totam id distinctio qui aspernatur sint cum. Iure eveniet et non debitis voluptatem quisquam et. Illum veniam error est provident repudiandae. Repellendus voluptatem consectetur consequatur odit.

Doloribus neque quod reiciendis quaerat id soluta. Ex est tenetur consequatur saepe mollitia adipisci vel laborum.

Qui est facilis accusamus commodi quia et. Ipsa ea quam debitis quasi veritatis quod dolorem. Voluptatem magnam deleniti cumque et.', '2012-02-05 18:59:10');
INSERT INTO public.comments VALUES (2, 3, 6, 'Est accusantium similique ut dolor officia. Et sequi quas ut repellat sunt quibusdam illo. Debitis nihil voluptatibus et sit expedita. Consectetur aut at qui odit voluptatem itaque. Vel et enim officia autem qui dolor eos nobis.

Ab voluptate earum ratione nostrum natus quo in. Ea praesentium quia voluptas occaecati quis dolores. Corrupti et expedita molestias.

Nemo officia quos iste et consequatur. Amet delectus quia ratione est dolorem qui consequatur voluptatibus. Atque molestiae soluta omnis aliquam et soluta est. Sapiente ipsa asperiores possimus.', '2012-06-04 15:32:07');
INSERT INTO public.comments VALUES (3, 4, 6, 'Occaecati voluptatem assumenda non iure possimus alias perferendis. Placeat soluta ex praesentium voluptas commodi in omnis.

Minima repellendus corporis vel voluptate necessitatibus asperiores voluptatem magnam. Omnis id aut aperiam delectus impedit. Dicta nostrum rem dolores eaque vel maxime. Sunt sed omnis in dolores.

Aperiam minima temporibus alias atque eum. Et dolor sit ipsam. Provident ut rerum quaerat nostrum tempore. Sunt laudantium at dolores esse debitis et. Velit doloribus dolor distinctio saepe nihil.', '2014-09-09 16:47:05');
INSERT INTO public.comments VALUES (4, 2, 7, 'Quisquam aut culpa modi hic eveniet. Ipsa dolor et accusantium animi. Aut maiores aliquid possimus harum.

Commodi distinctio tempora perspiciatis aliquid distinctio et incidunt. Porro quia quia reprehenderit voluptatem nisi et voluptatibus. Ipsam aut atque dolor in saepe non doloribus. Animi molestias laudantium rerum.

Deserunt aliquam omnis molestiae delectus. Accusamus itaque reiciendis ad eaque pariatur. Sed a sapiente et sed totam dolorem dolorum officia.', '2017-03-14 14:26:51');
INSERT INTO public.comments VALUES (5, 3, 7, 'Ut molestiae vel quisquam voluptas id. Totam vel molestiae perspiciatis eaque tenetur minus et. Consequuntur eos saepe in velit.

Omnis est quas ea est qui unde laudantium. Rerum sapiente cumque quae voluptatem quia ipsam occaecati. Nihil alias maxime rem quasi aut vel sed accusamus.

Placeat et aut odit placeat facilis voluptatem. Facilis repellendus et et earum et maxime.', '2020-06-16 02:29:18');
INSERT INTO public.comments VALUES (6, 4, 7, 'Debitis beatae dolorum aperiam perspiciatis. Perferendis illum quia qui in neque. Quaerat cum molestias rerum. Sed voluptatem sed sed et.

Occaecati eligendi aperiam quasi accusantium ratione saepe quia corporis. Quia placeat esse optio dolor quo. Molestiae doloribus sit incidunt. Culpa numquam ut dolorum saepe non cumque et.

Nostrum vel maxime omnis ut delectus perferendis occaecati perferendis. Rerum et at perferendis modi reiciendis repellat. Voluptas ut autem omnis accusamus modi. Aperiam enim eligendi et cupiditate nihil dolor expedita optio.', '2015-03-13 13:52:35');
INSERT INTO public.comments VALUES (7, 2, 8, 'Nobis laboriosam soluta aut rerum vitae quo sed. Fugit est voluptatem a sapiente illum asperiores nulla. Est est qui cumque eveniet consectetur et.

Delectus qui minus sapiente et eum. Ut dolores id tempora vero. Rerum aut hic non numquam magni sed. Aspernatur nobis quia ad sequi qui omnis libero.

Et atque ut incidunt non blanditiis earum. Quis labore cum qui quidem. Veritatis est repellat ut labore.', '2013-05-31 22:52:40');
INSERT INTO public.comments VALUES (8, 3, 8, 'Ut accusantium sit corporis est expedita. Necessitatibus sint nihil et quisquam omnis. Necessitatibus tenetur corrupti nesciunt dolore excepturi.

Rem repellendus harum magnam quos consequuntur quia nulla fuga. Non ut sed nobis commodi aut. Omnis accusamus natus consequatur quisquam nihil sint id. Ut quasi dolores molestiae nihil quaerat.

Corrupti alias sed eos atque temporibus doloremque sit. Nihil sit voluptas vel cupiditate. Minus quia aperiam perferendis aliquam qui.', '2016-04-22 07:11:00');
INSERT INTO public.comments VALUES (9, 4, 8, 'Veniam at dolorem voluptates unde. Fuga maiores exercitationem voluptatum cupiditate id qui impedit inventore. Rerum doloremque labore cupiditate ipsum expedita.

In voluptate veniam quam aut. Et non nulla vel dolor omnis consequatur et. Alias deleniti asperiores minima provident. Possimus aut laboriosam ullam et accusamus sit ut illum.

Ex maiores possimus id enim ratione et earum. Sed dolor optio corrupti beatae. Sed modi ipsam reprehenderit ipsum tempora et ad. Ipsam perspiciatis suscipit sunt dolores nihil et.', '2016-07-06 13:26:11');
INSERT INTO public.comments VALUES (10, 2, 9, 'Autem dolorem dolore sunt necessitatibus. Consequatur quaerat ea expedita. Veniam aliquid cumque animi dolorem pariatur. Consequatur soluta tempora debitis necessitatibus et quo quibusdam.

Aspernatur itaque maxime veniam nostrum porro. Debitis illum maxime alias molestiae velit aspernatur provident. Doloribus dolorem consectetur sed omnis autem.

Dolorem ut saepe autem ea tempore optio sunt. Provident perferendis unde esse ab. Enim nam eligendi quibusdam ex tenetur ullam. Ut odio voluptas deserunt.', '2020-09-11 20:45:10');
INSERT INTO public.comments VALUES (11, 3, 9, 'Reiciendis voluptatum veniam dolorum vel praesentium optio sint iusto. Provident modi architecto corrupti maxime voluptas tempora. Inventore exercitationem ut voluptas architecto dicta. Quibusdam consequatur delectus dolorum blanditiis non fugiat.

Distinctio impedit commodi itaque fugiat atque qui. Est quia id esse illo. Temporibus natus ex nihil sit sunt. Non beatae laudantium nulla consectetur et.

In quam iure laborum quibusdam aliquid reiciendis laudantium. Inventore et tempora laborum doloribus deserunt quia debitis vel. Temporibus doloremque voluptatem cupiditate nobis pariatur eum. Nostrum commodi ducimus voluptas modi nemo aut corporis.', '2012-07-11 11:24:58');
INSERT INTO public.comments VALUES (12, 4, 9, 'Cumque placeat esse pariatur veniam natus corrupti. Est fuga saepe aperiam provident est. Voluptas consequatur rerum non. Eligendi rerum maiores qui.

Quo repellendus ipsum maiores. Et sunt et voluptas odio. Deleniti ullam neque sed quo sequi qui.

Maiores labore corporis repudiandae qui. Id dignissimos dolore veniam beatae quis consectetur voluptas. Ab sit hic excepturi magni quae cum vel. Ipsam modi deserunt esse officiis doloremque.', '2011-12-27 01:12:11');
INSERT INTO public.comments VALUES (13, 2, 10, 'Voluptas esse velit voluptatem eveniet eligendi. Repellendus voluptatem enim eligendi porro consequatur eum. Praesentium qui id quod ab. Incidunt aut recusandae fugiat doloribus facere.

Quisquam non consequatur dolor velit rerum quia nesciunt. Dolorum hic voluptatem adipisci doloribus dolorem asperiores eos. Autem adipisci sit in non. Modi perferendis quae unde ut in.

Dolorum quos voluptas atque nihil aliquid ut ab. Asperiores veniam illum velit et culpa alias adipisci. Ut accusantium earum nesciunt tempora quia.', '2018-01-27 00:57:08');
INSERT INTO public.comments VALUES (14, 3, 10, 'Consequatur non sed exercitationem. Perferendis quis veniam eum itaque reprehenderit ipsa dolorem. Ut aut earum sit expedita. Est et asperiores est animi ut accusamus ipsum.

Animi exercitationem voluptas rem. Ut delectus ipsa quae ipsum aut distinctio. Quam culpa quidem rerum distinctio maiores velit quia. Magnam sit excepturi veniam non fugiat quod.

Totam at laboriosam est quia quasi quaerat. Exercitationem fugiat nulla voluptatem tempore consequuntur. Perferendis repellat quis quo ut impedit. Dolorum odit earum in non aut sunt et aut.', '2013-10-29 16:38:49');
INSERT INTO public.comments VALUES (15, 4, 10, 'Doloribus nesciunt repudiandae ut minima perspiciatis incidunt. Voluptatum voluptatum facilis non molestiae quibusdam quia nihil. Necessitatibus eos qui consequuntur omnis aut praesentium unde.

Sequi et fugiat magni et harum aspernatur laudantium. Accusamus autem adipisci recusandae cupiditate. Sit non et tenetur sunt impedit. Repellat qui est sint aspernatur quia omnis ut.

Rerum odio harum debitis nostrum est quia et. Fugiat alias vel veniam labore sunt odit. Ea error quasi quod modi nihil velit.', '2016-11-29 18:45:14');
INSERT INTO public.comments VALUES (16, 2, 11, 'Officiis animi non est. Autem quos quidem ut laborum. Modi consectetur quam distinctio ea dolores accusantium.

Molestiae illum sit rerum ut ut. Asperiores et consequatur aliquam ullam neque. Quis ut quis ab eaque quasi voluptatem voluptates.

Sit consequuntur quia harum eaque aut. Ut quod voluptas dignissimos. Impedit debitis ad aut quia rerum omnis fugit quo.', '2019-06-20 08:38:12');
INSERT INTO public.comments VALUES (17, 3, 11, 'Odio id ut libero repellat. Eligendi quasi assumenda consequatur porro incidunt dignissimos. Quaerat quo qui facere numquam eaque maiores reiciendis. Quas labore et cumque eveniet dolorem ut omnis veniam.

Asperiores omnis omnis omnis. Est laborum qui omnis illum aliquam. Eveniet repellat ut illum tempore porro eveniet.

Iure aspernatur soluta dolores laborum eligendi assumenda. Natus distinctio sit vitae. Cum perspiciatis est qui numquam. Maiores nihil fuga aut.', '2011-11-09 15:38:33');
INSERT INTO public.comments VALUES (18, 4, 11, 'Dolorem qui unde explicabo nam. Hic ipsam et recusandae. Enim eaque corrupti cupiditate voluptate adipisci dolorem ipsum quae.

Sapiente officia dolores sint aut. Et minima in quaerat rem. Qui odio eos et ratione dolor. Aspernatur eaque qui ea quisquam aut. Distinctio beatae sint aut et.

Nemo et laboriosam et amet facilis. Ea laudantium aut beatae laudantium ducimus. Eos quia exercitationem expedita nemo.', '2019-04-10 13:23:15');
INSERT INTO public.comments VALUES (19, 2, 12, 'Cupiditate laudantium reprehenderit necessitatibus quia dolor deserunt. Placeat nam aut id voluptatibus qui pariatur. Nisi esse voluptatibus quis consequatur molestias. Vel aliquid dignissimos et et aut ut.

Assumenda possimus laborum necessitatibus voluptatibus aut autem. Sunt itaque iste totam inventore dolores libero consequuntur. Modi a molestiae ut incidunt. At deserunt quo quasi omnis.

Excepturi autem consequatur autem nobis rerum quis dignissimos. Dolorum vel nihil numquam non. Ullam ducimus qui et animi deleniti quam optio et. Voluptatem consequatur optio ipsum fugit.', '2016-08-25 18:51:36');
INSERT INTO public.comments VALUES (20, 3, 12, 'Occaecati vero ipsum laborum consequatur dolore illum. Laborum blanditiis aspernatur recusandae explicabo.

Eos ullam molestiae et saepe dolorem. Nam ea ut impedit laboriosam qui dolores similique. Ut non quidem quia quia adipisci eligendi tempore qui. Commodi voluptatem veniam sapiente et eius.

Voluptates laborum asperiores praesentium dicta unde ut vitae. Totam eos eos eos. Facere amet aut neque dolore et nemo. Iure et totam quis eaque modi.', '2015-03-24 05:46:26');
INSERT INTO public.comments VALUES (21, 4, 12, 'Sit excepturi excepturi assumenda perspiciatis eos. Aliquid ad porro occaecati quisquam et. Veritatis qui expedita incidunt ut.

Aut ratione nihil exercitationem dolor omnis itaque sit. Doloribus assumenda consequatur nostrum mollitia. Excepturi repellat atque a velit et beatae quia.

In qui voluptatem non veniam error ipsum placeat. Quis eligendi sed qui nobis nulla. Perferendis debitis officia amet harum pariatur molestiae repudiandae.', '2015-05-05 00:29:29');
INSERT INTO public.comments VALUES (22, 2, 13, 'Harum veniam et libero. Quia tenetur amet aut commodi quaerat aspernatur. Eum quasi enim est est doloremque.

Enim et est possimus autem. Quae odit ad accusamus facere corporis porro minima. Tempore cupiditate est quae saepe ullam mollitia.

Necessitatibus assumenda quia labore deserunt. Sint veniam dolores atque reprehenderit autem. Dolores aut qui quam nesciunt nostrum quam adipisci doloribus. A est sint beatae qui doloribus amet nihil.', '2017-04-14 14:46:22');
INSERT INTO public.comments VALUES (23, 3, 13, 'Reprehenderit esse in provident temporibus. Saepe corporis quas corporis voluptas. Quia accusantium et magni maxime non. Deleniti ducimus harum voluptatum voluptatem.

Neque animi necessitatibus velit quae veritatis sunt. Porro excepturi iure dolorem quae repellendus vel doloremque quidem.

Eum autem ex nostrum possimus soluta optio. Harum ea sunt voluptas placeat. Esse sed rerum ut pariatur ea et excepturi itaque. Non deleniti labore dolorem et molestiae asperiores.', '2017-05-19 22:03:50');
INSERT INTO public.comments VALUES (24, 4, 13, 'Rerum sunt dolores minus quia sequi in consequatur. Inventore eius quo consequatur expedita omnis.

Quae vitae commodi laboriosam sit et. Facilis labore repudiandae commodi quam. Voluptatem nulla perferendis ut praesentium.

Error deserunt exercitationem quia. Dolorum ut commodi ab non quis. Nostrum facilis eum possimus assumenda.', '2015-05-09 13:09:15');
INSERT INTO public.comments VALUES (25, 2, 14, 'Omnis nihil est non est quibusdam animi. Placeat a id qui molestiae corrupti. In labore sit voluptas sunt corrupti est quo.

Placeat ea corporis sit voluptatem illum omnis. Porro cum iusto et et cupiditate at necessitatibus harum. Maiores quasi enim consequatur est atque. Sit repudiandae et officiis sed eaque natus eveniet.

Praesentium tempora est voluptatem fuga in et praesentium dolorem. Dolores reprehenderit repellat consequatur quidem voluptate dolores. Ipsum provident in et.', '2016-04-07 14:10:00');
INSERT INTO public.comments VALUES (26, 3, 14, 'Qui accusantium facere expedita quo eos earum dolore. Sunt sunt quia id amet molestiae praesentium est. Molestiae quis adipisci repudiandae. Voluptatem dolore eum qui et rerum.

Excepturi et quo autem est aspernatur est qui. Quos dolore aut exercitationem et quisquam. Praesentium repudiandae dolorem quos quia est commodi. Sunt est necessitatibus consequuntur qui vitae.

Odit ullam et ducimus esse voluptatem quibusdam consequuntur. Esse nemo nam recusandae. Ipsam saepe consequatur dicta tempore omnis. Est nihil quaerat nemo quibusdam.', '2013-09-23 04:56:02');
INSERT INTO public.comments VALUES (27, 4, 14, 'Quia numquam eos error cum et est est. Non perferendis dicta voluptatem dicta illo et qui. Officiis pariatur odit voluptatum animi earum velit.

Quis repudiandae ad et qui est. Vero voluptatem neque est rerum eos. Quisquam nisi doloribus facere velit architecto explicabo.

Omnis perferendis blanditiis vel distinctio non. Similique ex voluptates qui deserunt fuga totam dolor. Praesentium accusantium veritatis harum delectus numquam. Asperiores quasi cum ut autem impedit enim. Officiis doloribus consectetur quo delectus voluptas.', '2015-11-06 13:05:45');
INSERT INTO public.comments VALUES (28, 2, 15, 'Ea possimus sint molestias non omnis quibusdam. Sequi sunt corporis aut ducimus magni qui tenetur. Inventore sit pariatur dolor perspiciatis et deleniti sequi. Sit consequatur iure et et.

Id dolor rem sed aut eos reprehenderit aut. Dolor est deleniti possimus modi laboriosam laboriosam iste. Aut voluptatem doloribus reiciendis et sed. Nesciunt reprehenderit voluptas dolorem earum. Temporibus minus blanditiis nisi vel.

Sit sit ut temporibus est. Voluptates doloribus amet nihil architecto dolorem vitae hic eos. Excepturi quia possimus possimus voluptatem. Et eos vero ipsum sint.', '2014-06-21 13:41:17');
INSERT INTO public.comments VALUES (29, 3, 15, 'Blanditiis et doloribus nulla aliquam sint repellat explicabo. Eum distinctio accusantium officia cupiditate. Nulla laborum illum et placeat saepe. Officia temporibus deleniti doloribus ut.

Eius quis voluptatem aut soluta tenetur qui. Alias voluptatem nostrum non earum non. Tenetur nihil est vel eius sed ipsa non quia. Rerum omnis laudantium quasi nulla ut.

Autem neque error itaque numquam quis fugiat illo non. Consequatur harum neque beatae. Occaecati distinctio aut qui officiis aperiam.', '2011-07-20 07:27:29');
INSERT INTO public.comments VALUES (30, 4, 15, 'Tempora ut tenetur facilis reiciendis. Et aperiam provident dolore ut. Nostrum rem facilis sint soluta et dolore molestiae. Laudantium quos fugiat qui vitae velit.

Et quo enim et ut ex et facilis. Earum voluptatum necessitatibus culpa asperiores consequuntur necessitatibus. Ut tenetur reprehenderit sed quas aut error.

Placeat voluptate magni rerum quidem nesciunt. Fugit molestiae enim iste voluptatem dolores. Expedita ipsa aspernatur vero itaque nam. Corporis at blanditiis ex reprehenderit.', '2017-11-29 10:15:27');
INSERT INTO public.comments VALUES (31, 2, 16, 'Impedit et similique illo nesciunt nobis eum. Repellat dolorem tenetur eveniet. Et maiores minus accusantium. Repudiandae dolorum perferendis quia eligendi libero qui rerum sit.

Maiores porro labore debitis et. Vero commodi voluptas dignissimos provident officiis est. Quis cum et omnis non fugiat eaque aut.

Ut fugiat fugiat repudiandae perferendis. Et ut doloribus veritatis excepturi alias magnam. Dolore eos sit enim officiis et. Ipsam quaerat quis non natus tempore.', '2017-05-24 09:28:58');
INSERT INTO public.comments VALUES (32, 3, 16, 'Laboriosam odio consectetur enim. Perferendis modi numquam error ducimus necessitatibus. Ut quod qui est non commodi sunt.

Et dolores in voluptas non omnis iure. Qui asperiores modi aut voluptatem numquam. Earum impedit dolorem adipisci quod ipsam vero. Illum tempore non soluta cupiditate.

Omnis voluptate quisquam mollitia est praesentium quaerat aliquid. Earum eum atque est reiciendis et qui. Et minima quisquam enim facilis quia. Qui assumenda et nobis odio mollitia aperiam ut laudantium.', '2011-05-08 03:27:14');
INSERT INTO public.comments VALUES (33, 4, 16, 'Et consequatur omnis cumque cumque ducimus asperiores aut est. Nostrum et porro autem. Quia veniam in quo odit eum vero iure sint. Soluta necessitatibus reiciendis optio qui.

Dolore voluptatum rerum quia reiciendis quo ex vel commodi. Ut odit laborum earum voluptas ea iste. Adipisci vel modi cum quo deserunt. Et possimus dolore sit voluptas blanditiis autem quis.

Molestiae maiores possimus dolore in. Omnis aut possimus voluptas atque accusantium quod velit. Aut vel fugiat ut aut.', '2012-10-20 20:19:05');
INSERT INTO public.comments VALUES (34, 2, 17, 'Illo aut quasi nemo consequatur voluptas recusandae vel. Aperiam natus dignissimos in accusamus mollitia. Quo maxime cumque sit dignissimos.

Et deserunt saepe et voluptatibus quisquam aut rem. Et in quis eum dolorem possimus cumque. Dolor consectetur et distinctio sed non et placeat. Quo et nihil officia aliquam eos rerum. Illum vel quia voluptatum beatae id.

Ea perferendis quam ut quod aut. Ut iste ut accusantium ratione labore ab. Repudiandae ut qui alias veniam eaque. Perferendis est quisquam voluptas quia.', '2014-12-19 13:14:00');
INSERT INTO public.comments VALUES (35, 3, 17, 'Qui occaecati ab mollitia asperiores facere. Quisquam animi aperiam dolor. Autem ea eligendi quas labore velit expedita fugiat ullam. Veritatis sed nihil excepturi cum occaecati.

Assumenda odit et qui qui. Sunt itaque eligendi in saepe est aut. Doloremque et ratione modi quia expedita.

Enim rem non hic temporibus. Sed et ipsam dolorem ullam veniam et. Quis maiores recusandae deleniti eveniet voluptas libero beatae est. Enim enim et aliquam error.', '2013-08-28 23:04:59');
INSERT INTO public.comments VALUES (36, 4, 17, 'Est quisquam aperiam tempora. Vel in et voluptas architecto nemo quia et. Hic enim sunt aperiam quis ut et. Suscipit autem animi facilis molestiae ut quidem. Molestias dolor delectus magni rerum et voluptatem.

Aperiam asperiores enim qui molestiae. Quos eligendi non quaerat aspernatur tempora ut numquam quam. Et harum quos et.

Laboriosam aut quod id suscipit ea dolor. Explicabo aut illo non est corrupti eaque. Vel numquam nemo assumenda libero. Quibusdam in impedit aut quae nemo nam molestiae.', '2014-04-16 07:08:04');
INSERT INTO public.comments VALUES (37, 2, 18, 'Et enim consectetur quia sit illo itaque. Dolores quod eius omnis perferendis aut. Neque impedit corporis qui optio praesentium. Temporibus vitae eum quod quo nesciunt nam odit. Eos iure beatae dolores voluptatum.

Sit fugit amet ut et officia architecto. Rem nostrum enim sed vitae blanditiis veniam rem. Odit et magni tempore velit.

Atque consequatur numquam delectus qui ut minus et. Repudiandae quae repellat cumque eum fugit sit molestias.', '2018-03-03 14:37:33');
INSERT INTO public.comments VALUES (38, 3, 18, 'Incidunt saepe cupiditate cupiditate aut quidem vel veritatis. Ad eos odio reiciendis cumque sequi eos. Dolorem porro modi nisi dolorum. Quia ea quo qui illum fuga ea. Incidunt corporis sunt aut maiores dolorem asperiores.

Aut ut molestiae magnam. Placeat harum adipisci et odio et. Qui ipsam rerum est esse voluptates natus qui architecto. Est quia magnam voluptas commodi omnis est ut.

Sit saepe autem veritatis similique ut. Distinctio eius animi cum velit culpa necessitatibus. Reprehenderit ut eum est architecto blanditiis.', '2013-02-22 13:54:47');
INSERT INTO public.comments VALUES (39, 4, 18, 'Corporis debitis totam nihil omnis animi nulla non. Aliquam nulla dignissimos quod omnis excepturi. Suscipit magni est provident tempore inventore rerum.

Quisquam aperiam voluptatem iure assumenda facilis. Odio eligendi ut cupiditate quidem voluptatibus. Animi veritatis explicabo eius voluptates et aperiam.

Quod dolor odit quo at doloremque tempora dolores. Molestiae quisquam voluptatum reiciendis incidunt rerum velit illum itaque. Atque fuga est vero sapiente quos.', '2015-02-01 00:03:09');
INSERT INTO public.comments VALUES (40, 2, 19, 'Iste numquam accusamus id earum. Ipsum sint quo qui. Aperiam nemo quis dolor ullam perspiciatis. Beatae et dolor iusto.

Quasi rerum animi velit ut assumenda doloribus neque fuga. Quia vel expedita aut ut ut laborum. Asperiores enim nemo repellat adipisci qui recusandae.

Aperiam dolorem aut nam. Aliquid culpa illo reprehenderit veniam error est.', '2013-01-22 10:46:54');
INSERT INTO public.comments VALUES (41, 4, 19, 'Est quaerat debitis ut maxime optio aliquam. Iste voluptatem labore ex ad. Aut labore est et in.

Magni error magni fuga impedit. Aliquid fugiat iste est porro incidunt.

Suscipit in deserunt quia omnis officia a. Et quo voluptas fuga repellat fugit quaerat laboriosam. Voluptates quia id numquam aut. Adipisci beatae quidem aut non at placeat. Iste id neque distinctio.', '2014-10-31 23:17:52');
INSERT INTO public.comments VALUES (42, 2, 20, 'Voluptatem cupiditate delectus sed sunt nemo eum aut. Veniam magni ut molestias aut. Velit sunt architecto voluptatum voluptas sint eum. Hic quia molestiae possimus ullam rem corporis.

Aut omnis animi voluptatem error voluptas. Consectetur eligendi adipisci doloremque dolorum. Exercitationem repudiandae vel libero placeat molestiae corrupti quidem. Adipisci natus beatae voluptatem commodi itaque.

Qui quis atque a beatae est enim repellendus. Debitis eligendi dolorem aut ea temporibus aut et. Adipisci sint ut voluptatibus beatae. Et veritatis consequatur autem illum.', '2012-03-12 02:51:26');
INSERT INTO public.comments VALUES (43, 4, 20, 'Itaque nihil mollitia accusantium dolores natus fuga recusandae. Totam temporibus voluptatem explicabo ad quas soluta reiciendis. Aut est ipsam et laboriosam ut ea odit.

Praesentium omnis quod magni nostrum. Doloribus iusto quia aut hic accusamus neque. Rerum quos dolores sint. Sunt sunt omnis libero et quisquam.

Facere iure rerum dolorem et et alias omnis. Quas qui non porro in qui ea quasi. Perferendis delectus dolor est optio rem non soluta.', '2019-04-02 05:56:08');
INSERT INTO public.comments VALUES (44, 2, 21, 'Fugit eius dicta placeat adipisci voluptatibus. Sed dolor maxime sit recusandae delectus sequi error. Quos illum ut enim sit. Quaerat pariatur et et dolorem odit accusamus.

Est dolores error qui fugiat. Accusamus ullam expedita provident quos rerum quis.

Alias mollitia voluptatum iste aliquid autem. Quam deserunt tenetur ex odit. Excepturi sint in exercitationem sunt et neque numquam tenetur.', '2015-12-19 00:04:12');
INSERT INTO public.comments VALUES (45, 4, 21, 'Sit dicta expedita dolor inventore voluptatem quo aut. Quos tenetur iure a rerum numquam aut culpa. Quia modi quidem et quos distinctio et eligendi. Ipsa aut repellendus dolorem consequatur occaecati ea.

Ducimus maxime voluptatum ut suscipit distinctio repudiandae et sint. Iure nam blanditiis deleniti velit. Magnam odio numquam ut voluptas tempore illum dolor.

Quasi ducimus inventore impedit laboriosam tempore commodi. Aut pariatur ipsa possimus voluptas perferendis dolor et. Excepturi voluptas et odit dolorem.', '2017-07-16 14:56:17');
INSERT INTO public.comments VALUES (46, 2, 22, 'Nemo ut magni rem est ea non. Ab dolorem ullam tempore ad qui facilis sunt. Ad quo enim totam.

Itaque necessitatibus enim eos voluptatem qui laudantium veniam. Harum quas fugit aut minima. Sequi quod quisquam et ut ea et.

In autem enim sed. Consequatur tenetur similique dignissimos consectetur sint. Harum nihil dolor cupiditate numquam quas ex explicabo.', '2018-12-29 22:16:01');
INSERT INTO public.comments VALUES (47, 4, 22, 'Dolores officiis iusto ut sit amet nihil voluptate. Aliquid fugiat voluptates a et enim dolores. Sapiente omnis voluptatibus quae corrupti. Aut enim omnis fugit ratione sit est omnis.

Consequatur qui ullam voluptas tenetur. Sit aut quo labore assumenda aut et non. Esse et non qui repellat. Vero voluptas repellat vel nihil cum.

Velit consequatur molestiae eos dolores. Laudantium necessitatibus impedit enim et culpa eum optio. Rerum odio eum autem et deleniti doloribus voluptatibus. Impedit autem aliquid perspiciatis tempore minima doloribus.', '2010-10-24 19:36:30');
INSERT INTO public.comments VALUES (48, 2, 23, 'Possimus corrupti non ratione ut molestias alias qui. Quasi quia velit voluptatem eos. Nesciunt et rem et amet assumenda qui. Tenetur neque magni perferendis.

Qui quae porro quam. Neque libero ullam culpa repellat molestias sed. Aut eaque quaerat pariatur distinctio perferendis.

Nam dolor sit facilis. Excepturi rerum beatae est tempora autem expedita. Voluptatem voluptatibus repellat voluptate blanditiis rerum accusantium velit beatae. Ut voluptates repudiandae deleniti quidem voluptates quis.', '2018-03-05 00:54:35');
INSERT INTO public.comments VALUES (49, 4, 23, 'Eius debitis officia culpa qui sit harum. Aspernatur nemo est perferendis fugiat. Modi quis et quas qui. Accusantium quae eos eum ut quaerat consequatur.

Ut blanditiis consequatur facilis consequatur. Delectus ratione debitis eos officia porro. Quisquam vitae maiores quam enim voluptatem.

Porro aliquid distinctio magnam. Cumque mollitia est in tempora et est. Qui sed non qui et velit.', '2013-04-23 00:44:38');
INSERT INTO public.comments VALUES (50, 2, 24, 'Officia repudiandae veritatis suscipit quaerat eveniet et. Eos aut modi dicta voluptas et quo. Perferendis nam ducimus est.

Aut laboriosam voluptas sit optio. Deleniti laboriosam optio illum voluptas ipsum non. Est est ducimus iste.

Omnis ut ratione ut temporibus tenetur nobis. Ipsa voluptatum veniam doloribus odit. Dignissimos ut sed aliquid quia.', '2012-02-23 16:19:46');
INSERT INTO public.comments VALUES (51, 4, 24, 'Maiores ea ut minima perferendis veritatis. Exercitationem blanditiis vitae iure ad ea mollitia consectetur maxime. Minus sit quisquam neque voluptatem quam.

Voluptatum voluptatum iusto illo autem dolores occaecati est. Quod iste nemo dolor aut. Expedita eos officiis blanditiis aut nobis omnis id. Officia nihil doloremque doloribus quisquam autem.

Quia natus molestiae possimus laudantium qui dolor. Sapiente eaque corporis et maiores error ea ullam. Error non reiciendis accusantium suscipit rerum velit.', '2010-12-28 22:59:56');
INSERT INTO public.comments VALUES (52, 2, 25, 'Ut magnam et facere mollitia et rerum molestias. Qui dolor cupiditate eum qui libero. Ipsam dicta rerum porro provident qui et.

Ex molestiae soluta ducimus vel. Ut quia similique et. Voluptatibus eligendi libero nulla rerum aperiam architecto praesentium. Occaecati eaque et et maiores necessitatibus.

Impedit ad dolore soluta ipsum. Dolorem repellat quasi mollitia ut. Quia eligendi et architecto doloribus sit quae cumque.', '2015-07-17 09:16:33');
INSERT INTO public.comments VALUES (53, 4, 25, 'Et sed similique expedita atque itaque fugiat asperiores. Magni asperiores exercitationem dolore dolorem repellat officia enim.

Perspiciatis accusamus officiis illum corporis iste aut dolores. Quo magnam nihil doloribus necessitatibus aliquam molestiae architecto. Sed beatae pariatur cumque in saepe. Qui quisquam voluptate magni aliquam ea veniam sit ex. Est necessitatibus voluptates eius amet.

Id fuga veritatis a exercitationem rerum laudantium. Neque est et ut maxime non. Quibusdam fugit possimus ea rerum laudantium. Explicabo qui ipsam aut id esse harum.', '2017-10-07 17:11:30');
INSERT INTO public.comments VALUES (54, 2, 26, 'Rerum quia saepe illum voluptatem dolor aut. Qui itaque omnis magnam et qui illo. Reiciendis et ea dolores qui quasi aut sunt voluptate.

Dignissimos ipsa sunt maiores qui minima. Qui praesentium exercitationem qui similique et cumque. Enim est omnis cupiditate libero sapiente est.

Deleniti ab adipisci mollitia. Quisquam quae autem reprehenderit ut velit. Earum quia doloremque rerum vel est. Commodi quas dolor quo ipsa.', '2011-03-04 11:52:58');
INSERT INTO public.comments VALUES (55, 4, 26, 'Qui saepe occaecati labore vitae quam incidunt nihil. Distinctio quo commodi voluptatum soluta. Qui ut dolores dolores totam recusandae eius nihil.

Nemo nesciunt eos veritatis voluptas. Dolor dolorem voluptas non. Impedit voluptatem qui et doloremque quo laborum. Eos est voluptas quae aspernatur sit adipisci quaerat veritatis.

Dignissimos ut a magnam sed consequatur architecto. Doloribus aut ad harum dolore rerum ut. Omnis et enim ullam quia. Praesentium voluptas accusantium porro.', '2010-11-16 06:25:13');
INSERT INTO public.comments VALUES (56, 2, 27, 'Impedit reprehenderit maxime autem minus qui ipsa. Quidem hic velit velit dolorem quaerat. Ut asperiores maxime cupiditate consequatur aut qui.

Reiciendis et asperiores porro veritatis et ipsum. Vel doloremque quasi omnis reprehenderit reiciendis libero voluptate. Tempora dolor unde ipsa error non. Occaecati quia dolores et ut mollitia.

Soluta architecto ut quibusdam aliquam voluptatem est. Accusantium esse mollitia incidunt corrupti quae reprehenderit. Tempora ut soluta fugiat deserunt. Minima non unde quidem non voluptatibus voluptates.', '2019-08-15 20:40:57');
INSERT INTO public.comments VALUES (57, 4, 27, 'Ipsum et quas laboriosam non ut. Dolores nemo ut accusantium impedit facilis molestiae.

Itaque consequatur placeat qui provident laudantium quia similique. Sed magni culpa provident. Delectus voluptatibus quo aut inventore.

Accusantium aut voluptatem consequatur qui et ratione quos. Assumenda exercitationem minima totam exercitationem. Vitae sunt quo non assumenda iste vel incidunt.', '2015-09-20 15:00:20');
INSERT INTO public.comments VALUES (58, 2, 28, 'Dolores ea fugiat ut sed itaque quo. Qui rem adipisci laborum optio in temporibus facilis. Et facilis non minima occaecati non accusamus alias. Dolorem error nobis qui. Iste itaque unde dolores rem quidem.

Sed aperiam est voluptatem nihil et. Placeat dicta libero voluptas ut quo ab corrupti.

Molestiae autem sed iure sint assumenda quis vel. Nihil quaerat libero excepturi et earum a id est. Quia velit ullam quia suscipit repellendus maiores.', '2014-04-07 04:06:08');
INSERT INTO public.comments VALUES (59, 4, 28, 'Similique impedit tempore et ipsam ut deserunt veniam necessitatibus. Ex qui ea enim. Repudiandae sint doloribus maiores suscipit occaecati.

Nemo voluptatem doloremque sapiente cupiditate. Eveniet at officiis maxime dolore voluptatem. Non accusantium beatae aliquid qui et. Error non ipsum fuga consequatur qui.

Tempore est error laudantium eum. Quod doloremque quia vel in odio. Voluptatem veritatis incidunt ab.', '2019-02-07 16:45:49');
INSERT INTO public.comments VALUES (104, 2, 51, 'Ut incidunt ducimus quas. Dolores dolores consequatur exercitationem minima qui repellat. Molestiae tempora maxime porro incidunt culpa. Sint in alias earum.

Sint vel quis inventore pariatur sed. Quod sint officia voluptatem nulla.

Distinctio quos soluta id aut voluptatem quam. Reiciendis et repellat facilis aperiam. Rerum qui architecto excepturi nesciunt amet voluptas ipsum.', '2017-08-31 22:19:48');
INSERT INTO public.comments VALUES (60, 2, 29, 'Dicta consectetur nam sit unde non. Ullam error accusantium recusandae rerum vel dolorem doloremque quo. Maiores ipsum cumque sequi ratione velit architecto repellendus.

Velit ratione a sed asperiores similique qui. Libero et commodi deleniti vero omnis asperiores unde fugit. Laudantium dolores veritatis non odio et fugit. Commodi et quisquam libero at et.

Tempore similique consequatur consequatur unde nesciunt qui. Repellat natus voluptatem laborum dolore consectetur excepturi dolor. Delectus nisi illum eaque dolores dolorum.', '2014-08-13 18:20:20');
INSERT INTO public.comments VALUES (61, 4, 29, 'Quae aliquid suscipit ipsa et. Culpa corrupti dolorem eum explicabo quo tenetur enim. Nesciunt laboriosam excepturi nulla.

Est perferendis accusantium qui soluta rerum et ad. Quidem error veritatis labore sapiente sit. Assumenda nobis repudiandae id asperiores explicabo est.

Facilis doloremque pariatur fugiat atque quia explicabo. Adipisci dolor quas omnis neque cupiditate voluptate sunt.', '2012-07-25 23:55:56');
INSERT INTO public.comments VALUES (62, 2, 30, 'Non vel quisquam labore. Sint mollitia eos expedita qui. Iusto quas quam voluptatibus reprehenderit. Odio possimus facilis ut nulla.

Iste repudiandae cupiditate est natus dolores consectetur sed. Est nemo qui ea dolorem itaque dolorum iure. Eum vel et accusantium cumque. Vel autem voluptatem facilis vel deleniti quaerat.

Reiciendis fuga consequuntur tempore vitae ratione qui omnis. Quisquam enim est eum iure pariatur blanditiis non. Et mollitia asperiores quas veritatis saepe. Iure delectus enim provident impedit explicabo aliquam temporibus voluptatem.', '2019-05-09 05:39:25');
INSERT INTO public.comments VALUES (63, 4, 30, 'Facere a et eligendi magni veritatis alias. Laboriosam culpa quo adipisci inventore aliquam. Vel et eligendi commodi.

Fugit distinctio odit reiciendis aut reiciendis doloribus doloremque. Beatae molestias architecto at porro fugiat et eum quia. Quod porro provident voluptatibus maiores reiciendis eaque laudantium. Magnam molestiae in minus quis facere nemo excepturi doloremque.

Fugiat molestiae iure ut nostrum voluptatem est. Qui magnam amet repudiandae.', '2016-01-14 19:51:45');
INSERT INTO public.comments VALUES (64, 2, 31, 'Molestiae ullam ipsa saepe nesciunt laudantium. Non minima atque earum ea magnam vitae omnis. Quam cumque reiciendis nulla perferendis similique sit. Laboriosam aut provident accusamus.

Soluta expedita deleniti ut voluptatem soluta quia et autem. Necessitatibus suscipit id eius voluptatem recusandae qui ut. Explicabo id adipisci repudiandae vero et autem voluptatem ut. Unde nihil in beatae molestiae omnis accusantium quo.

Ex dolore libero aut ducimus qui. Ut blanditiis voluptatem eum nam aliquid amet et. Odio possimus explicabo doloribus recusandae est. Qui sint nihil iste repellat est enim delectus.', '2013-03-17 17:23:36');
INSERT INTO public.comments VALUES (65, 4, 31, 'Excepturi veritatis accusamus est officiis asperiores architecto mollitia. Similique minima eos aut laudantium atque. Vitae vel rerum natus qui iusto eius aut.

Excepturi omnis ipsa impedit. Quas natus quia quae unde et velit qui. Ut dolorem voluptatum porro eligendi neque ea.

Autem cupiditate consequatur odit enim distinctio minus porro. Nam enim eaque voluptatem qui nemo. Odio dolorem rem rerum ex quas. Aut et atque nulla est. Nihil dicta reiciendis sint rerum autem aspernatur.', '2017-04-24 22:31:00');
INSERT INTO public.comments VALUES (66, 2, 32, 'Assumenda nam voluptatem praesentium debitis aut exercitationem ducimus. Eligendi voluptatem dolorem voluptate provident. Animi vel rerum et aut vel. Non modi dolores quam.

Possimus quia nesciunt inventore nobis. Dolor minima sint temporibus eligendi omnis fugiat. Eos ex aliquid accusamus tempore. Ut unde sit quia veniam delectus sed quia. Excepturi voluptatum labore repudiandae voluptate libero.

Placeat voluptas illum ut. Quibusdam iusto qui animi assumenda. Modi explicabo iure nihil cumque est assumenda.', '2018-09-07 03:39:31');
INSERT INTO public.comments VALUES (67, 4, 32, 'Quos quidem voluptate repellat fugiat quasi. Incidunt rerum consectetur non et omnis voluptates doloremque. Necessitatibus quasi labore blanditiis distinctio. Voluptas nihil architecto enim.

Eaque aliquid et est et fugit ipsum in. Consequatur voluptatem fugit laborum voluptatibus qui rerum sed. Error in labore eum dolore minima quia vel debitis.

Doloremque numquam aut doloremque dolorem libero. Omnis omnis reiciendis sint et tempora. Voluptas veritatis nobis beatae quo.', '2014-12-09 00:58:52');
INSERT INTO public.comments VALUES (68, 2, 33, 'Natus quo expedita voluptas consequatur accusamus. Rerum quasi sed velit perferendis ad. Quo voluptates et perspiciatis molestias ipsam perferendis aliquam beatae. Quo eum ex nemo magnam quos et ex.

Ut doloremque quidem qui aut pariatur consequuntur consequatur sequi. Numquam ducimus fuga et non et. Illum accusantium pariatur voluptatum illo autem.

Deleniti dolore vel est incidunt facilis quia dolores. Ut omnis numquam expedita ullam. Labore officia odio est recusandae corporis nulla. Possimus dolor rerum nemo id voluptas neque.', '2012-02-19 10:18:52');
INSERT INTO public.comments VALUES (69, 4, 33, 'Molestiae sed ut nostrum ut nostrum et. Consequuntur consequatur quidem aut quisquam. Consequuntur error qui dolorum natus.

Deleniti in veniam dolor nam in. Accusamus quo rerum perferendis.

Consequatur qui odio cupiditate ratione asperiores. Numquam hic quia dolorum delectus est. Labore molestias aliquid rem qui velit qui aut. Non eos quisquam aspernatur repellat. Ut maxime facere labore ut voluptatem quos.', '2017-01-09 02:47:54');
INSERT INTO public.comments VALUES (70, 2, 34, 'Quo praesentium reiciendis nemo sint dolor error. Consequatur voluptatem facilis praesentium ut. Voluptatem sunt iure earum aut similique laboriosam ea quo.

Cum aliquid consectetur et sit totam reprehenderit. Aut qui earum ipsum inventore.

Cumque ut architecto est qui. Labore qui voluptas tempore fugit debitis qui. Recusandae autem et qui veritatis. Ex explicabo velit assumenda quia.', '2016-08-15 22:19:21');
INSERT INTO public.comments VALUES (71, 4, 34, 'Blanditiis explicabo accusantium sit soluta. Rerum voluptas quos animi sed. Est magnam natus rerum repellat tempore molestiae. Autem minus vero ex temporibus repudiandae architecto.

Qui rerum magni alias alias saepe commodi est voluptas. Suscipit tenetur rerum veritatis hic et. Dolores amet illo sed aut sunt modi incidunt consectetur.

Laboriosam excepturi voluptatem illo officiis et. Et consequatur quidem quaerat reprehenderit.', '2018-09-18 18:37:53');
INSERT INTO public.comments VALUES (72, 2, 35, 'Pariatur sapiente debitis nemo illo velit. Doloremque impedit mollitia nulla labore. Odit et recusandae nemo itaque ipsa velit. Et perferendis et est dolorem quaerat.

Placeat sint ut suscipit alias quidem necessitatibus. Vel aut ut impedit et. Et quos aliquid voluptas itaque vitae aliquam. Accusantium voluptas sint dolor laudantium.

Sunt dolorem explicabo quia velit quas deserunt similique. Consequatur ipsum vero est. Enim id consectetur consectetur et. Et architecto sit omnis ipsam. Reprehenderit dignissimos quis error nisi.', '2016-06-25 01:10:49');
INSERT INTO public.comments VALUES (73, 4, 35, 'Quis nobis quo nemo omnis repudiandae. Molestias nostrum quo et provident qui. Autem nesciunt reiciendis quidem rerum possimus magnam nulla. Incidunt architecto vel non vitae est dicta.

Vitae minima quis occaecati illum nam. Culpa mollitia quisquam nisi accusamus dignissimos. Laborum dolorem eos est odio impedit enim ut. Dolores tempora fuga repudiandae enim commodi vitae et.

Mollitia cumque non assumenda neque et. Quo inventore sequi ut cumque dolores esse. Et rerum et fugiat nesciunt aspernatur qui harum illo.', '2015-05-26 07:38:23');
INSERT INTO public.comments VALUES (74, 2, 36, 'Dolorem cum sint minima natus porro. Nisi incidunt occaecati dolorum animi et totam. Aut repellendus modi ea ipsa.

Est quis accusantium nam autem. Quo et quam rerum iste. Rerum minima molestiae ea aperiam voluptas.

Voluptatem consequatur ex optio molestiae commodi quo aut. Nemo excepturi sed tenetur qui iusto. Eum rerum ut cumque voluptatibus quam ut praesentium et. Pariatur eum id rerum accusantium dolore aut aut.', '2014-08-19 01:12:18');
INSERT INTO public.comments VALUES (75, 4, 36, 'Cupiditate architecto inventore quis accusamus. Sequi minus et sit repellendus doloremque. Natus saepe accusantium vel quia autem officia placeat. Libero dolor numquam dolor consequuntur itaque veniam. Illum molestias explicabo consequatur eveniet dolorem qui.

Hic quas modi omnis reiciendis eum. Omnis dicta est iste sit veniam ut. Delectus quisquam accusamus recusandae ut unde blanditiis. Aut facere tempore ut minima.

Amet atque doloremque eius odit perspiciatis neque dolorem necessitatibus. Corrupti omnis accusamus est eligendi non.', '2019-07-08 10:25:19');
INSERT INTO public.comments VALUES (76, 2, 37, 'Voluptate molestiae et officia in consectetur dicta. Non aperiam molestiae id. Et animi blanditiis nihil non. Nihil impedit voluptas voluptas nesciunt perspiciatis occaecati hic.

Fugit sint ex ipsam facere. Architecto aut accusamus minus rerum autem velit vel rerum. Molestias iure nam cupiditate dolorum placeat. Ipsam hic ut sequi molestiae nisi quod.

Dolore itaque nobis velit velit velit. Ipsum eaque dolor adipisci tempore.', '2015-01-21 06:51:08');
INSERT INTO public.comments VALUES (77, 3, 37, 'Occaecati voluptatem voluptatem neque pariatur ea provident. Voluptatem consequuntur voluptatem eos quibusdam praesentium nulla. Debitis error dolorum vero ut ipsa nobis sequi. Fuga asperiores et voluptas aut.

Autem ipsam laboriosam exercitationem doloribus earum ut iure. Quod unde aut tempora qui. Sed magni in error amet. Eligendi atque sint deleniti consectetur.

Cupiditate mollitia dicta molestiae asperiores nam ullam qui quia. Doloremque itaque eius aut asperiores. Repellendus optio aut magni voluptatem porro. Fugiat aut culpa cupiditate deleniti harum.', '2014-01-22 16:56:29');
INSERT INTO public.comments VALUES (78, 2, 38, 'Voluptatem voluptatem velit quisquam dolorem provident harum quia. Nihil et facilis quaerat sit consectetur. Consequatur excepturi nostrum expedita consequatur autem molestiae ea fuga.

Dolorem harum non nihil doloremque perferendis vitae aut. Quod ex facilis ab repellat. Veritatis perspiciatis mollitia sed autem corrupti quisquam eos corrupti.

Veritatis eius neque molestiae possimus reprehenderit voluptatum. Cupiditate excepturi nulla atque harum accusantium odio est. Ea suscipit magni esse qui aut maiores.', '2012-11-16 09:20:27');
INSERT INTO public.comments VALUES (79, 3, 38, 'Dolor laboriosam quidem unde magnam quia eveniet dignissimos mollitia. Enim reiciendis natus consequuntur. Dolores repudiandae dicta error eius fugit. Dolor consectetur nam esse labore odio libero.

Repudiandae et alias odio tenetur aliquam ducimus quas. Aut quia id enim.

Fuga quasi sunt cupiditate nisi nulla omnis ut. Ut et ut quidem. Molestiae quia dolor fuga et. Debitis tempora sunt aut.', '2013-07-14 23:16:40');
INSERT INTO public.comments VALUES (80, 2, 39, 'Non assumenda rem sunt laborum ut. Ad dolorum cum vero aut. Earum ea molestiae consequuntur consequatur tenetur. Omnis officia explicabo odit repellat iure voluptatibus.

Facilis odio doloribus ut eum quis expedita. A consequatur sit quia. Unde adipisci ut eaque molestias ut qui.

Culpa sed aspernatur fugit quia nam omnis a. Non cupiditate est aspernatur minus quia iusto eius ut. Optio est temporibus neque eos hic. Repudiandae est eaque sit.', '2020-08-27 22:29:55');
INSERT INTO public.comments VALUES (81, 3, 39, 'Et delectus eveniet voluptates unde iusto veniam doloribus. Aliquam sit id expedita officiis ipsam ea. Recusandae sed nisi magnam in ullam nulla eos.

Iusto similique occaecati error quibusdam assumenda et enim. Corrupti voluptatem consequatur ducimus alias omnis et incidunt. Voluptatem ut quia expedita dolorem nihil. Eum velit ut ea exercitationem vel sit beatae.

In et qui voluptatum perferendis doloremque non. Suscipit fugiat sint consequatur voluptatem reprehenderit voluptatum. Impedit sapiente placeat voluptatem molestiae.', '2015-07-03 11:58:32');
INSERT INTO public.comments VALUES (82, 2, 40, 'Vero sunt culpa voluptatem porro est ut dolorum officiis. Qui vel est numquam voluptates reprehenderit ad adipisci deleniti. Eos ratione iure quo placeat velit perspiciatis. Dolores facilis neque pariatur.

Dolorem voluptatem qui soluta reprehenderit ab accusantium. Rerum nesciunt quia consequatur porro earum commodi. Explicabo quisquam praesentium error hic vero odit id.

Deleniti sunt voluptatum natus enim quia. Accusamus quis nihil sunt fugiat. Sed nam ut minus recusandae ex dolore possimus.', '2014-07-16 01:58:17');
INSERT INTO public.comments VALUES (83, 3, 40, 'Necessitatibus quae at quaerat mollitia. Aut illum omnis necessitatibus maiores facere assumenda officiis. Et autem excepturi eligendi molestiae. Nemo aut rerum commodi.

Vel sequi qui et harum voluptatibus dolorum. Voluptas eveniet reiciendis omnis. Autem aperiam ab est laborum enim similique. Sit blanditiis distinctio fugit et unde autem distinctio.

Ab id nulla quas voluptates. Suscipit voluptatem enim quam mollitia atque officia et. Voluptas explicabo occaecati non dolorem.', '2017-02-03 06:16:01');
INSERT INTO public.comments VALUES (84, 2, 41, 'Quia quia culpa sequi aliquam ab facere consequuntur. Quo veniam fugit quia aliquam magnam quaerat. At expedita molestiae placeat.

Vel consectetur voluptas labore blanditiis autem incidunt. Debitis distinctio cupiditate voluptatem necessitatibus accusantium odit eos. Quas quasi ut ratione minus vero.

Ea voluptatem omnis sit ducimus eum non. Quae aspernatur laboriosam aut cupiditate occaecati quis eius. Minus aliquid eos aliquid earum impedit omnis.', '2017-09-07 10:28:58');
INSERT INTO public.comments VALUES (85, 3, 41, 'A modi vero nemo perspiciatis nisi. Quidem molestiae velit in repudiandae neque non. Maiores qui culpa nihil et et modi.

Sapiente beatae unde vitae quia qui et id. Earum est repellendus ut deleniti sint ipsam accusamus. Placeat exercitationem sequi consequatur dolorem voluptas vel occaecati. Sit in quia ab a impedit.

Nam debitis mollitia quidem adipisci repellendus. Voluptatem aut voluptatum quibusdam ipsum hic commodi exercitationem. Blanditiis ut dolore et unde voluptatem omnis veritatis sint.', '2019-09-18 19:21:38');
INSERT INTO public.comments VALUES (86, 2, 42, 'Non quaerat ratione reiciendis autem saepe facilis atque porro. Delectus omnis animi dolores distinctio quos fugit consequatur. Odio voluptatum recusandae aliquam explicabo ducimus. Sunt voluptatem sapiente unde reiciendis molestias minus labore sit.

Voluptatem cumque aut non ut magni quam veniam. Minima exercitationem cupiditate quia. Non ea officia quo nulla beatae.

Rerum repellat id minus. Cumque vel laborum sunt autem error at. Cum dignissimos et et dolor illum iste.', '2015-10-26 09:29:15');
INSERT INTO public.comments VALUES (87, 3, 42, 'Autem recusandae vero adipisci voluptatem minus. Aspernatur in est fugiat voluptatum totam officia. Sint quis ea repudiandae quibusdam quo. Ducimus sit quis omnis maiores quisquam sint quo. Est est nihil expedita ut vitae quidem qui architecto.

Sit eveniet perferendis natus atque qui occaecati libero voluptatem. Earum dolorem quos in. Ex soluta id rerum sint.

Tenetur non recusandae molestiae ipsa itaque nostrum tenetur. Facilis labore aut repellat voluptatum voluptas voluptatibus. Dolorum similique beatae numquam et facere. Qui modi cumque voluptatem.', '2016-05-09 04:31:36');
INSERT INTO public.comments VALUES (88, 2, 43, 'Amet hic consequatur aut quia. Corporis ad necessitatibus architecto fugiat. Cum vel expedita est repellat voluptas distinctio ut est. Ullam at et animi distinctio explicabo.

Sint consectetur quia ullam quia. Quo dolores aut illo perferendis velit nemo. Sit unde deserunt voluptatibus incidunt ut rem alias. Enim perspiciatis velit quaerat facilis veniam vel nam.

Ipsa qui aut veniam exercitationem sed doloribus. Dolor unde doloribus blanditiis quasi facilis illo et.', '2017-10-25 23:15:49');
INSERT INTO public.comments VALUES (105, 3, 51, 'Consequatur voluptate est quisquam sint autem eligendi. Reiciendis modi qui ut accusantium. Explicabo consequatur cumque sint vero.

Ut perspiciatis amet rem est est saepe. Sit rerum at eos exercitationem et consequatur. Dolor fugit quas accusantium qui excepturi. Perspiciatis quia nemo molestias at nihil deserunt optio nemo.

Quis tempora ea nisi laborum. Accusamus quas accusantium officiis dolor deleniti consequuntur. Numquam ullam quas enim ex.', '2014-09-17 15:12:45');
INSERT INTO public.comments VALUES (89, 3, 43, 'Ut nam dolores et dolor velit excepturi voluptas. Dolores reprehenderit debitis dolorem laudantium. Harum sed possimus eum.

Unde vel commodi soluta minus quam. Eos qui nam doloremque aut. Molestiae atque magni sed ut corporis.

Facere incidunt dignissimos inventore enim est dolorem. Sunt et rerum libero dolores perferendis neque dolores. Aut molestiae repudiandae reprehenderit id voluptatem ut id. Laboriosam aut temporibus eius reiciendis. Asperiores molestiae necessitatibus ut ut.', '2017-09-30 19:33:23');
INSERT INTO public.comments VALUES (90, 2, 44, 'Veniam mollitia ut quas corrupti. Ut totam consequuntur dolorum in rerum sapiente provident.

Possimus eum distinctio fugiat. Et qui possimus temporibus et fugit inventore quaerat. Dolore dolor eveniet nobis sequi commodi. Beatae deleniti optio sint tenetur eaque sit.

Molestiae officiis eligendi consectetur rerum aliquid voluptas nam. Nisi ut omnis dolores mollitia expedita. Error maiores et eos consequatur. Non atque provident corrupti et.', '2020-03-26 10:46:43');
INSERT INTO public.comments VALUES (91, 3, 44, 'Nostrum quisquam molestiae consequatur recusandae doloremque ut. Vel ut autem fugiat doloremque ullam vel voluptas quia. Qui maiores hic iusto quia nisi odio ut.

Qui occaecati perspiciatis nobis rem voluptas officiis. Neque recusandae quasi tempora repellat vel ut ratione. Dolorum non nobis provident ut. Ea eveniet minus itaque iusto quo quod.

Laboriosam repellendus consequatur ex deleniti a. Blanditiis nemo in ipsam. Aut possimus iste illo voluptas.', '2019-03-30 05:30:30');
INSERT INTO public.comments VALUES (92, 2, 45, 'Dolor occaecati labore libero quaerat voluptates ea. Soluta facilis quaerat consequatur commodi aliquid et. Voluptatum ut velit culpa aut impedit.

Fugit ut ullam nam labore numquam id. Quae ipsa soluta ut ut deserunt id.

Velit et et voluptas eveniet. Inventore dolores necessitatibus sequi sed natus ipsum. Id corrupti sit quas id voluptatum molestiae aliquid doloremque. Cumque perspiciatis sint qui ut.', '2013-06-22 22:07:31');
INSERT INTO public.comments VALUES (93, 3, 45, 'Voluptatum minus et ut quis. Ut velit reprehenderit est excepturi alias. Maiores quos ipsa libero neque sunt.

Autem et quo dolorem maxime omnis. Rerum tenetur ducimus dolore et. Ea voluptas maiores est aspernatur est omnis.

Esse ab similique ipsum minima modi ipsa labore. Aut ut illo id magnam ut. Dolores voluptas sint ut molestiae sit facere et.', '2015-10-15 03:31:19');
INSERT INTO public.comments VALUES (94, 2, 46, 'Mollitia culpa suscipit repudiandae ut laboriosam est. Necessitatibus recusandae nemo vero velit nesciunt et. Ullam consequatur est dicta aut aut tempore repellat. Officia exercitationem non non ut laudantium officiis.

Dolor aut rerum ad ducimus debitis quod. Ut sint provident aut nam asperiores cumque. Quo aut fuga dicta amet iusto. Temporibus deleniti consequatur sint velit consequatur quo.

Accusantium inventore eos adipisci sint nam impedit. Molestiae doloribus perferendis nobis mollitia doloremque qui. Similique fuga dolorem ut perspiciatis voluptatem ut. Repudiandae et magnam sed praesentium est.', '2014-08-21 06:45:07');
INSERT INTO public.comments VALUES (95, 3, 46, 'Autem exercitationem qui distinctio quidem qui aliquam. Et suscipit laborum nisi aut. Enim consequatur porro perspiciatis sed maiores.

Sit quia quaerat facere ut laboriosam. Voluptatum cumque corrupti perspiciatis dolores minus non esse. Rem dolorem a quia voluptatem sed est quo.

A corporis placeat maxime ut reprehenderit dolores tempora. Rerum est eum fuga quisquam. Ut explicabo dolore laborum eum explicabo neque ut et. Est doloribus voluptatum eveniet velit qui.', '2018-03-09 15:03:21');
INSERT INTO public.comments VALUES (96, 2, 47, 'Vitae dolorem repellat quae tenetur est. Ut rerum quae eos. Aliquid adipisci corrupti iure rem in. Dignissimos non ut repellendus et fugit est.

Fugit alias eaque quidem et et. Ducimus nemo quas voluptas cumque molestiae rerum. Aut voluptatibus voluptatem ducimus repudiandae at. Facilis eius debitis totam rerum minus fugiat minima.

In consectetur qui velit. Quas laborum deleniti odio rerum. Doloremque accusamus eos dignissimos quo error explicabo. Perspiciatis odio cupiditate soluta consequatur consequatur omnis.', '2018-10-05 09:47:25');
INSERT INTO public.comments VALUES (97, 3, 47, 'In ipsam qui et exercitationem quae dolores. Sequi sed at qui et culpa. Illum sint molestiae rerum architecto excepturi est ratione. Vel rerum temporibus eum.

Omnis nihil explicabo aut ad. Doloribus voluptas suscipit debitis error aut dolorum.

Maiores magnam est laudantium aliquid velit. Voluptas est qui hic omnis laudantium voluptatem velit et. Perspiciatis totam magnam totam illum. Non aut nulla nihil veritatis repellendus.', '2013-10-18 12:26:35');
INSERT INTO public.comments VALUES (98, 2, 48, 'Dolore et modi vero voluptatem eaque eveniet. Non nisi velit velit deleniti deserunt voluptas aut repudiandae. Et ratione reiciendis ut ratione asperiores omnis commodi ea. Voluptatem non saepe laudantium distinctio.

Repellendus accusamus facere laudantium et id architecto culpa quo. Unde veniam quasi et qui qui. Corrupti at alias officia libero. Ea quia labore non voluptas.

Consequatur eius adipisci eum quisquam ea quis. Eligendi nihil error ab soluta laborum sit voluptatem.', '2017-02-10 01:42:37');
INSERT INTO public.comments VALUES (99, 3, 48, 'Rem ab quisquam dolorem qui neque nihil. In sunt et nihil dolor ut. Aut sit quisquam reprehenderit a eius quo.

Sunt modi eum esse quod sint. Quam nam aliquam facere et quibusdam repellat itaque quia. Vel vel et voluptatem at doloribus vero. Suscipit explicabo officiis commodi minus.

Et debitis aut eveniet eius maxime. Qui rerum laborum accusamus blanditiis sequi voluptatem. Illum optio doloribus laboriosam ea totam. Consequatur velit laudantium saepe voluptas exercitationem. Neque laborum aut atque ducimus.', '2011-09-16 18:00:40');
INSERT INTO public.comments VALUES (100, 2, 49, 'Architecto quia ducimus quis qui. Natus quas adipisci sit consequatur consequatur. Et quisquam omnis ea culpa. Exercitationem dignissimos dolor expedita enim.

Nihil doloribus doloribus neque explicabo enim quod quod. Est quas quia ducimus sapiente sit voluptas. Sit adipisci est doloremque suscipit.

Est explicabo eius consequatur ut sint. Odio ad cupiditate tempore ad eaque nisi. Eum dolorum voluptatem sint enim aut atque. Vitae enim suscipit quasi doloremque nisi sit.', '2017-03-19 05:22:22');
INSERT INTO public.comments VALUES (101, 3, 49, 'Illo dolores natus saepe. Autem non non unde qui quia ipsa repellendus. Quos eos officia optio minima officia et porro quam. Dolore asperiores sed rerum non corrupti. In ut amet ipsum quasi autem et consequatur veritatis.

Odit cum quaerat delectus enim. Quia distinctio et atque in ex consequatur. Nihil alias est quae in eos.

Ipsam aut deleniti minima eius. Cum ut qui facere iure ea possimus. Repellendus rem molestiae qui soluta temporibus eos. Esse quo incidunt saepe officiis voluptatem. Corrupti accusantium facere est sed.', '2015-07-28 22:47:28');
INSERT INTO public.comments VALUES (102, 2, 50, 'Optio amet animi culpa aliquid. Harum voluptas quasi tempore provident autem. Quo nesciunt qui voluptate fuga. Deleniti eum vel ipsam quod.

Quod accusamus rerum voluptas ea dolore id. Ea nemo molestias quos excepturi sed minima omnis ut. Quo et consequuntur harum sint deleniti ad et. Culpa est quibusdam ut exercitationem voluptas odio.

Quisquam debitis et dolor et. Eligendi laboriosam reprehenderit animi laboriosam odit nesciunt consequatur. Quos voluptates delectus suscipit harum iste nisi. Magni id sint tempora cum.', '2015-01-26 03:40:00');
INSERT INTO public.comments VALUES (103, 3, 50, 'Ex ab sed iste error in facilis. Sapiente tenetur id est. Incidunt tenetur consequatur asperiores explicabo doloremque. Ea tempore rerum eaque.

Magnam nisi nihil aut omnis. Ullam non qui facilis eligendi. Temporibus et eos esse. Porro nesciunt distinctio nesciunt eum accusantium illum iusto.

Et exercitationem aut est. Amet omnis eaque vel esse modi mollitia. Optio commodi quasi voluptatem ipsa harum aspernatur laboriosam id.', '2011-12-24 19:22:50');
INSERT INTO public.comments VALUES (106, 2, 52, 'Modi ducimus tempore totam soluta in dolorum. Laboriosam blanditiis eveniet sed vero est ratione. Quisquam tempora quis unde odio at. Sit labore ullam distinctio laborum necessitatibus voluptatibus dolorem.

Ut ex vel voluptatibus atque. Nulla dicta ab accusantium autem consequuntur veritatis.

Explicabo perferendis sit accusantium dolores aspernatur ipsam. Natus quis voluptatem voluptatibus quia porro est sed impedit.', '2017-06-29 07:46:58');
INSERT INTO public.comments VALUES (107, 3, 52, 'Nihil rerum numquam similique temporibus sapiente molestiae. Nobis dolor doloribus officiis nihil. Eum sit omnis corporis in quia magni.

Ipsum distinctio rerum quis vel distinctio eveniet fugit unde. Quae perferendis non inventore voluptas ratione deleniti et quae.

Fugiat dolor qui accusamus. Cum id incidunt dolorem cum. Eius quasi temporibus tenetur ut quas. Officia aliquam rerum veniam molestiae iste. Ab repudiandae non illum vel doloremque doloremque.', '2011-01-21 16:53:49');
INSERT INTO public.comments VALUES (108, 2, 53, 'Placeat sit porro ut alias voluptates ullam quis earum. Sint soluta atque placeat consequatur. Aut molestiae blanditiis sed explicabo inventore eum temporibus.

Est praesentium dolor eos quis occaecati. Nisi quod odio voluptatem possimus consequatur eveniet. Dolorem ex corrupti fugiat facere quas. Nihil rerum maxime corrupti iusto velit ut eaque hic.

Voluptas repudiandae delectus harum eum vero. Omnis tempora aliquid distinctio corporis ducimus. Enim omnis est dolore.', '2011-03-10 18:20:56');
INSERT INTO public.comments VALUES (109, 3, 53, 'Previous comment for 3 user', '2021-02-22 05:39:40');
INSERT INTO public.comments VALUES (110, 2, 54, 'Natus laudantium et dolor voluptates recusandae quas omnis. Excepturi corrupti repellat quos veniam quisquam quos sed. Molestiae dolorem nam aliquam corrupti et ipsum porro. Reprehenderit aut animi consectetur quam debitis.

Quam ut possimus dolores aut. Et est perferendis ut pariatur vitae. Qui vel illum velit odit sit dolorum voluptatum. Voluptatem atque architecto et eum eos.

Ut et voluptas minima et. Omnis vitae quia nihil nulla aut a. Dolor voluptatem ad repellendus earum quos.', '2017-01-19 19:44:44');
INSERT INTO public.comments VALUES (111, 3, 54, 'Last comment for 3 user', '2021-02-22 22:30:42');


--
-- Data for Name: posts; Type: TABLE DATA; Schema: public; Owner: dbuser
--

INSERT INTO public.posts VALUES (1, 1, 'Ut consequatur molestias pariatur voluptas.', 'May it won''t be raving mad after all! I almost wish I had it written up somewhere.'' Down, down, down. Would the fall NEVER come to the rose-tree, she went on in these words: ''Yes, we went to school every day--'' ''I''VE been to a snail. "There''s a porpoise close behind her, listening: so she went down to look through into the garden at once; but, alas for poor Alice! when she went on. ''Would you tell me, Pat, what''s that in some alarm. This time there could be no use in crying like that!'' ''I.', 1, '2020-08-19');
INSERT INTO public.posts VALUES (2, 1, 'Quo numquam dolor amet aut.', 'Tortoise, if he would deny it too: but the Gryphon interrupted in a low, trembling voice. ''There''s more evidence to come upon them THIS size: why, I should think you can have no sort of people live about here?'' ''In THAT direction,'' waving the other guinea-pig cheered, and was a little shriek, and went down to them, and then dipped suddenly down, so suddenly that Alice could only hear whispers now and then treading on her spectacles, and began staring at the mushroom for a good many voices all.', 1, '2020-08-19');
INSERT INTO public.posts VALUES (3, 1, 'Distinctio nihil magnam quod odio assumenda molestiae.', 'PLEASE mind what you''re talking about,'' said Alice. ''Call it what you mean,'' said Alice. The poor little thing grunted in reply (it had left off sneezing by this very sudden change, but she could not even room for her. ''Yes!'' shouted Alice. ''Come on, then,'' said Alice, who always took a great hurry to get us dry would be quite as much as she leant against a buttercup to rest herself, and shouted out, ''You''d better not do that again!'' which produced another dead silence. Alice was not easy to.', 1, '2020-08-16');
INSERT INTO public.posts VALUES (4, 1, 'Et ad quia voluptates id aperiam molestiae magnam.', 'There was a most extraordinary noise going on shrinking rapidly: she soon made out the proper way of keeping up the little golden key was lying on the top of his pocket, and pulled out a race-course, in a great crowd assembled about them--all sorts of little birds and beasts, as well as pigs, and was going to leave off this minute!'' She generally gave herself very good advice, (though she very good-naturedly began hunting about for them, and he poured a little bottle on it, for she was a very.', 1, '2020-08-17');
INSERT INTO public.posts VALUES (5, 1, 'Aut quo ipsa qui placeat est.', 'OUTSIDE.'' He unfolded the paper as he shook both his shoes off. ''Give your evidence,'' said the Mock Turtle. ''No, no! The adventures first,'' said the Mock Turtle angrily: ''really you are very dull!'' ''You ought to go among mad people,'' Alice remarked. ''Right, as usual,'' said the King, rubbing his hands; ''so now let the Dormouse say?'' one of the ground--and I should be free of them bowed low. ''Would you tell me,'' said Alice, looking down at her with large round eyes, and feebly stretching out one.', 1, '2020-08-17');
INSERT INTO public.posts VALUES (6, 1, 'Quia totam libero consequatur impedit.', 'Gryphon, with a knife, it usually bleeds; and she tried the little door, so she tried to say it any longer than that,'' said the Mock Turtle. ''Seals, turtles, salmon, and so on; then, when you''ve cleared all the right thing to get hold of this pool? I am now? That''ll be a very pretty dance,'' said Alice sadly. ''Hand it over here,'' said the Hatter. ''I told you that.'' ''If I''d been the right thing to nurse--and she''s such a nice soft thing to nurse--and she''s such a thing as "I get what I should.', 1, '2020-08-15');
INSERT INTO public.posts VALUES (7, 3, 'Qui hic ut nihil architecto libero.', 'Alice; ''that''s not at all anxious to have it explained,'' said the Duchess: ''flamingoes and mustard both bite. And the moral of that dark hall, and close to her full size by this time, sat down a good deal on where you want to go on. ''And so these three weeks!'' ''I''m very sorry you''ve been annoyed,'' said Alice, timidly; ''some of the room again, no wonder she felt that it was addressed to the part about her any more if you''d rather not.'' ''We indeed!'' cried the Mouse, frowning, but very politely.', 1, '2020-08-19');
INSERT INTO public.posts VALUES (8, 3, 'Et tenetur laboriosam reprehenderit dolores cupiditate.', 'Dormouse,'' the Queen say only yesterday you deserved to be no use in the wood, ''is to grow larger again, and all must have been was not a regular rule: you invented it just missed her. Alice caught the flamingo and brought it back, the fight was over, and both the hedgehogs were out of the house of the ground--and I should think you''ll feel it a little three-legged table, all made a snatch in the last few minutes, and began talking to herself, ''I wonder if I shall think nothing of the water.', 1, '2020-08-15');
INSERT INTO public.posts VALUES (9, 3, 'Veniam voluptas quasi adipisci dicta quos non laboriosam.', 'CHAPTER II. The Pool of Tears ''Curiouser and curiouser!'' cried Alice (she was obliged to have wondered at this, but at the top of the fact. ''I keep them to sell,'' the Hatter hurriedly left the court, by the White Rabbit put on one knee as he wore his crown over the edge of the song, ''I''d have said to one of the tale was something like this:-- ''Fury said to the heads of the words don''t FIT you,'' said Alice, ''I''ve often seen them at dinn--'' she checked herself hastily, and said to Alice; and.', 1, '2020-08-15');
INSERT INTO public.posts VALUES (10, 3, 'Aut doloremque est ex officia qui cum.', 'I suppose you''ll be telling me next that you couldn''t cut off a little timidly, for she could do, lying down on one knee as he spoke, and added with a soldier on each side to guard him; and near the entrance of the room. The cook threw a frying-pan after her as she could not answer without a porpoise.'' ''Wouldn''t it really?'' said Alice indignantly, and she walked down the little golden key, and unlocking the door as you can--'' ''Swim after them!'' screamed the Queen. ''Well, I hardly know--No.', 1, '2020-08-19');
INSERT INTO public.posts VALUES (11, 3, 'Est voluptates voluptatem saepe ea pariatur sunt itaque impedit.', 'For some minutes it seemed quite natural); but when the White Rabbit, with a cart-horse, and expecting every moment to be sure, this generally happens when you come and join the dance. Will you, won''t you, will you, won''t you, will you, old fellow?'' The Mock Turtle sighed deeply, and drew the back of one flapper across his eyes. He looked anxiously at the Queen, ''and he shall tell you how it was all dark overhead; before her was another puzzling question; and as the Caterpillar took the.', 1, '2020-08-17');
INSERT INTO public.posts VALUES (12, 3, 'Placeat amet in molestiae eos nostrum sit cupiditate.', 'Pat, what''s that in about half no time! Take your choice!'' The Duchess took no notice of her ever getting out of the mushroom, and crawled away in the other: the only one way up as the game was going to happen next. The first thing I''ve got to see if he doesn''t begin.'' But she waited patiently. ''Once,'' said the King, ''and don''t look at them--''I wish they''d get the trial one way up as the Lory hastily. ''I don''t believe you do either!'' And the executioner ran wildly up and saying, ''Thank you.', 1, '2020-08-16');
INSERT INTO public.posts VALUES (13, 4, 'Incidunt excepturi culpa quaerat et voluptatem fuga vel.', 'She had quite a chorus of ''There goes Bill!'' then the puppy began a series of short charges at the Hatter, and, just as if his heart would break. She pitied him deeply. ''What is his sorrow?'' she asked the Mock Turtle said: ''no wise fish would go through,'' thought poor Alice, who had been anything near the King say in a solemn tone, only changing the order of the house down!'' said the Lory. Alice replied thoughtfully. ''They have their tails in their mouths--and they''re all over with fright.', 1, '2020-08-16');
INSERT INTO public.posts VALUES (14, 4, 'Numquam iure eum enim atque quam.', 'Caterpillar seemed to think that very few little girls eat eggs quite as much use in crying like that!'' But she went hunting about, and shouting ''Off with her head!'' Alice glanced rather anxiously at the end of half an hour or so, and giving it a minute or two she stood still where she was, and waited. When the sands are all pardoned.'' ''Come, THAT''S a good many voices all talking at once, she found to be no use in the world am I? Ah, THAT''S the great question is, Who in the distance, and she.', 1, '2020-08-18');
INSERT INTO public.posts VALUES (15, 4, 'Aut dolor consequatur facere ut.', 'If they had a head could be NO mistake about it: it was the BEST butter,'' the March Hare. ''It was the BEST butter,'' the March Hare took the place of the hall; but, alas! either the locks were too large, or the key was too late to wish that! She went in without knocking, and hurried upstairs, in great disgust, and walked off; the Dormouse turned out, and, by the little golden key was too much pepper in that ridiculous fashion.'' And he got up in great fear lest she should push the matter on.', 1, '2020-08-16');
INSERT INTO public.posts VALUES (16, 4, 'Omnis sit incidunt velit quos.', 'Alice remarked. ''Oh, you foolish Alice!'' she answered herself. ''How can you learn lessons in here? Why, there''s hardly enough of it altogether; but after a pause: ''the reason is, that I''m doubtful about the reason they''re called lessons,'' the Gryphon at the window.'' ''THAT you won''t'' thought Alice, ''as all the jelly-fish out of THIS!'' (Sounds of more broken glass.) ''Now tell me, please, which way you can;--but I must sugar my hair." As a duck with its legs hanging down, but generally, just as I.', 1, '2020-08-15');
INSERT INTO public.posts VALUES (17, 4, 'Voluptatem necessitatibus aperiam natus.', 'Alice. ''Why, you don''t even know what to say whether the pleasure of making a daisy-chain would be grand, certainly,'' said Alice, a good way off, and found herself in a very truthful child; ''but little girls eat eggs quite as much right,'' said the Cat. ''I don''t think they play at all fairly,'' Alice began, in a court of justice before, but she saw in another minute the whole party look so grave that she still held the pieces of mushroom in her own children. ''How should I know?'' said Alice, who.', 1, '2020-08-15');
INSERT INTO public.posts VALUES (18, 4, 'Et hic dolore ipsum natus recusandae qui ea.', 'THIS!'' (Sounds of more broken glass.) ''Now tell me, please, which way it was certainly not becoming. ''And that''s the jury-box,'' thought Alice, ''as all the time when I find a thing,'' said the Hatter: ''let''s all move one place on.'' He moved on as he could think of anything else. CHAPTER V. Advice from a Caterpillar The Caterpillar was the matter with it. There could be no use speaking to it,'' she thought, ''and hand round the refreshments!'' But there seemed to think this a good deal to ME,'' said.', 1, '2020-08-15');
INSERT INTO public.posts VALUES (19, 1, 'Est dignissimos earum mollitia in molestias.', 'White Rabbit, who said in an angry tone, ''Why, Mary Ann, what ARE you doing out here? Run home this moment, and fetch me a pair of gloves and a piece of rudeness was more hopeless than ever: she sat down a jar from one minute to another! However, I''ve got to?'' (Alice had been running half an hour or so, and giving it something out of the trees behind him. ''--or next day, maybe,'' the Footman continued in the sky. Alice went on again: ''Twenty-four hours, I THINK; or is it I can''t be Mabel, for I.', 3, '2020-08-17');
INSERT INTO public.posts VALUES (20, 1, 'Dicta et exercitationem ex placeat.', 'Mock Turtle. ''Hold your tongue!'' added the March Hare. Alice sighed wearily. ''I think you can find it.'' And she went in without knocking, and hurried upstairs, in great disgust, and walked off; the Dormouse shook its head down, and was beating her violently with its arms folded, frowning like a wild beast, screamed ''Off with her head!'' Alice glanced rather anxiously at the sides of it, and kept doubling itself up and ran off, thinking while she was to eat her up in great fear lest she should.', 3, '2020-08-15');
INSERT INTO public.posts VALUES (21, 1, 'Et iure animi quisquam molestiae molestias consequatur cumque.', 'A little bright-eyed terrier, you know, and he hurried off. Alice thought to herself. At this moment the door of which was the Rabbit was no label this time the Mouse with an air of great relief. ''Call the next witness!'' said the Caterpillar seemed to be an advantage,'' said Alice, as the door between us. For instance, suppose it were white, but there was nothing so VERY wide, but she thought at first was in managing her flamingo: she succeeded in getting its body tucked away, comfortably.', 3, '2020-08-19');
INSERT INTO public.posts VALUES (22, 1, 'Explicabo sit ratione modi nemo autem sint.', 'Alice a little before she got to do,'' said the King. ''Shan''t,'' said the Mock Turtle to the table to measure herself by it, and found that her flamingo was gone in a whisper, half afraid that she was out of a water-well,'' said the Duchess; ''I never could abide figures!'' And with that she had found her head in the common way. So they went up to the waving of the accident, all except the King, ''that only makes the world go round!"'' ''Somebody said,'' Alice whispered, ''that it''s done by everybody.', 3, '2020-08-17');
INSERT INTO public.posts VALUES (23, 1, 'Itaque placeat fugit ut aperiam quia.', 'What made you so awfully clever?'' ''I have answered three questions, and that you think I should frighten them out with trying, the poor little thing sat down a good many little girls of her head in the air. ''--as far out to sea. So they got settled down again, the cook and the pool of tears which she found herself in a great interest in questions of eating and drinking. ''They lived on treacle,'' said the Duchess, ''and that''s the jury-box,'' thought Alice, ''they''re sure to happen,'' she said this.', 3, '2020-08-15');
INSERT INTO public.posts VALUES (24, 1, 'Est rerum dicta ea fugiat voluptate voluptatum.', 'I get SOMEWHERE,'' Alice added as an explanation. ''Oh, you''re sure to make it stop. ''Well, I''d hardly finished the first figure!'' said the Pigeon; ''but if you''ve seen them at dinn--'' she checked herself hastily, and said to the seaside once in a low voice, ''Your Majesty must cross-examine the next witness was the Cat went on, without attending to her; ''but those serpents! There''s no pleasing them!'' Alice was soon left alone. ''I wish I could show you our cat Dinah: I think I can remember feeling.', 3, '2020-08-18');
INSERT INTO public.posts VALUES (25, 3, 'Omnis sint ipsum autem nisi omnis omnis et.', 'Queen. ''Their heads are gone, if it likes.'' ''I''d rather not,'' the Cat again, sitting on a little girl or a worm. The question is, Who in the distance. ''Come on!'' and ran the faster, while more and more sounds of broken glass, from which she concluded that it was very like having a game of play with a growl, And concluded the banquet--] ''What IS a long hookah, and taking not the smallest notice of them even when they liked, so that it signifies much,'' she said to Alice, and sighing. ''It IS a.', 3, '2020-08-17');
INSERT INTO public.posts VALUES (26, 3, 'Ratione consequatur cupiditate voluptate ex sapiente quisquam in.', 'Dormouse''s place, and Alice looked very uncomfortable. The first witness was the fan she was near enough to drive one crazy!'' The Footman seemed to think that will be When they take us up and said, ''It WAS a curious plan!'' exclaimed Alice. ''That''s the judge,'' she said this, she was surprised to find that she let the jury--'' ''If any one of the song, she kept fanning herself all the rats and--oh dear!'' cried Alice (she was rather glad there WAS no one listening, this time, sat down again in a.', 3, '2020-08-16');
INSERT INTO public.posts VALUES (27, 3, 'Ullam vel commodi exercitationem eum.', 'What happened to me! I''LL soon make you grow shorter.'' ''One side will make you dry enough!'' They all made of solid glass; there was generally a frog or a watch to take MORE than nothing.'' ''Nobody asked YOUR opinion,'' said Alice. ''Why not?'' said the King. The next witness would be worth the trouble of getting up and repeat something now. Tell her to carry it further. So she began nibbling at the mushroom (she had grown up,'' she said to herself, ''whenever I eat one of the door began sneezing all.', 3, '2020-08-16');
INSERT INTO public.posts VALUES (28, 3, 'Voluptas illum alias ex aperiam et.', 'KNOW IT TO BE TRUE--" that''s the queerest thing about it.'' ''She''s in prison,'' the Queen was silent. The Dormouse slowly opened his eyes. He looked at her own mind (as well as the question was evidently meant for her. ''I can see you''re trying to touch her. ''Poor little thing!'' said Alice, in a sorrowful tone; ''at least there''s no harm in trying.'' So she began: ''O Mouse, do you know what "it" means.'' ''I know SOMETHING interesting is sure to do so. ''Shall we try another figure of the guinea-pigs.', 3, '2020-08-15');
INSERT INTO public.posts VALUES (29, 3, 'Reiciendis perferendis alias ducimus.', 'Alice replied very politely, ''if I had not gone (We know it to annoy, Because he knows it teases.'' CHORUS. (In which the cook was busily stirring the soup, and seemed to follow, except a little timidly, ''why you are painting those roses?'' Five and Seven said nothing, but looked at it, and then they wouldn''t be in before the end of half those long words, and, what''s more, I don''t want YOU with us!"'' ''They were learning to draw,'' the Dormouse sulkily remarked, ''If you can''t swim, can you?'' he.', 3, '2020-08-17');
INSERT INTO public.posts VALUES (30, 3, 'Qui ut magni aut qui vitae.', 'Seaography: then Drawling--the Drawling-master was an old conger-eel, that used to say it out loud. ''Thinking again?'' the Duchess was VERY ugly; and secondly, because she was quite surprised to find that her flamingo was gone across to the three gardeners, oblong and flat, with their hands and feet, to make out what it was: at first she would keep, through all her wonderful Adventures, till she heard one of the trial.'' ''Stupid things!'' Alice began to cry again. ''You ought to be trampled under.', 3, '2020-08-16');
INSERT INTO public.posts VALUES (31, 4, 'Cum qui voluptatem eum rerum vitae voluptas.', 'I know all sorts of things, and she, oh! she knows such a nice soft thing to get very tired of being all alone here!'' As she said aloud. ''I must be the best cat in the middle, wondering how she would keep, through all her riper years, the simple rules their friends had taught them: such as, ''Sure, I don''t know,'' he went on, looking anxiously round to see it quite plainly through the neighbouring pool--she could hear the very tones of her knowledge. ''Just think of any one; so, when the race was.', 3, '2020-08-18');
INSERT INTO public.posts VALUES (32, 4, 'Dolores eum ea quam.', 'Oh dear! I shall think nothing of the baby?'' said the Mock Turtle. ''Very much indeed,'' said Alice. ''Call it what you would seem to see the Queen. ''Well, I never understood what it might tell her something about the crumbs,'' said the Queen, who were giving it something out of a globe of goldfish she had finished, her sister was reading, but it was empty: she did not look at a king,'' said Alice. ''Come, let''s try the effect: the next witness.'' And he added in an undertone to the game. CHAPTER IX.', 3, '2020-08-15');
INSERT INTO public.posts VALUES (33, 4, 'Corrupti et neque nesciunt.', 'CAN have happened to me! When I used to it as a lark, And will talk in contemptuous tones of her going, though she felt that she had looked under it, and then keep tight hold of anything, but she knew that were of the month is it?'' Alice panted as she stood looking at the thought that SOMEBODY ought to speak, but for a rabbit! I suppose Dinah''ll be sending me on messages next!'' And she opened the door of which was a large pigeon had flown into her face. ''Wake up, Dormouse!'' And they pinched it.', 3, '2020-08-17');
INSERT INTO public.posts VALUES (34, 4, 'Unde laudantium et rerum quia est.', 'However, everything is queer to-day.'' Just then she walked sadly down the chimney!'' ''Oh! So Bill''s got the other--Bill! fetch it back!'' ''And who are THESE?'' said the others. ''Are their heads down and began singing in its sleep ''Twinkle, twinkle, twinkle, twinkle--'' and went on to himself as he spoke, ''we were trying--'' ''I see!'' said the March Hare,) ''--it was at the end.'' ''If you please, sir--'' The Rabbit started violently, dropped the white kid gloves and the baby violently up and said, ''It.', 3, '2020-08-15');
INSERT INTO public.posts VALUES (35, 4, 'Culpa voluptates officiis labore dolorum dolore quia iusto.', 'Multiplication Table doesn''t signify: let''s try Geography. London is the same size: to be sure, she had never done such a thing I ever heard!'' ''Yes, I think I can find them.'' As she said to the law, And argued each case with MINE,'' said the King, ''and don''t look at me like a tunnel for some time without hearing anything more: at last came a rumbling of little birds and animals that had a bone in his sleep, ''that "I breathe when I got up this morning, but I grow at a king,'' said Alice. The poor.', 3, '2020-08-17');
INSERT INTO public.posts VALUES (36, 4, 'Porro rem aspernatur voluptas quis.', 'I COULD NOT SWIM--" you can''t swim, can you?'' he added, turning to the general conclusion, that wherever you go to law: I will tell you how it was growing, and growing, and growing, and very neatly and simply arranged; the only difficulty was, that she wasn''t a really good school,'' said the Hatter: ''but you could keep it to be done, I wonder?'' And here poor Alice began in a moment. ''Let''s go on till you come to the door. ''Call the next witness. It quite makes my forehead ache!'' Alice watched.', 3, '2020-08-18');
INSERT INTO public.posts VALUES (37, 1, 'Et fugit non aut impedit fugiat aliquam.', 'WOULD go with Edgar Atheling to meet William and offer him the crown. William''s conduct at first she thought it over here,'' said the cook. The King turned pale, and shut his eyes.--''Tell her about the reason of that?'' ''In my youth,'' said the Dormouse, who was sitting next to no toys to play croquet with the next thing is, to get hold of its mouth, and addressed her in a day is very confusing.'' ''It isn''t,'' said the Caterpillar. ''Well, perhaps not,'' said the Pigeon in a sulky tone; ''Seven jogged.', 4, '2020-08-17');
INSERT INTO public.posts VALUES (38, 1, 'Est et nesciunt dolorum adipisci ex.', 'Gryphon is, look at them--''I wish they''d get the trial done,'' she thought, ''and hand round the neck of the song. ''What trial is it?'' he said. (Which he certainly did NOT, being made entirely of cardboard.) ''All right, so far,'' said the Caterpillar. ''Well, perhaps you were down here till I''m somebody else"--but, oh dear!'' cried Alice hastily, afraid that it might tell her something about the same tone, exactly as if she were saying lessons, and began smoking again. This time there could be NO.', 4, '2020-08-17');
INSERT INTO public.posts VALUES (39, 1, 'Aut consectetur et quis nostrum laboriosam et earum.', 'I hadn''t drunk quite so much!'' Alas! it was the first witness,'' said the Cat, ''or you wouldn''t keep appearing and vanishing so suddenly: you make one repeat lessons!'' thought Alice; ''only, as it''s asleep, I suppose you''ll be telling me next that you think you''re changed, do you?'' ''I''m afraid I''ve offended it again!'' For the Mouse was speaking, and this Alice would not join the dance. ''"What matters it how far we go?" his scaly friend replied. "There is another shore, you know, this sort of.', 4, '2020-08-19');
INSERT INTO public.posts VALUES (40, 1, 'Aliquam praesentium repellendus ab maxime sed autem tenetur ut.', 'Duchess, the Duchess! Oh! won''t she be savage if I''ve kept her waiting!'' Alice felt a little way out of sight, he said in a tone of great relief. ''Now at OURS they had at the window.'' ''THAT you won''t'' thought Alice, ''and if it makes rather a hard word, I will just explain to you never to lose YOUR temper!'' ''Hold your tongue!'' added the March Hare had just begun to dream that she was ever to get her head on her lap as if he thought it had grown up,'' she said to herself, ''because of his teacup.', 4, '2020-08-18');
INSERT INTO public.posts VALUES (41, 1, 'Sed beatae sed harum sint.', 'I don''t like the look of it had VERY long claws and a bright idea came into Alice''s shoulder as he said in a great deal of thought, and looked at each other for some way, and the White Rabbit: it was over at last: ''and I do so like that curious song about the crumbs,'' said the Caterpillar. Alice folded her hands, and began:-- ''You are old,'' said the Queen, tossing her head was so long that they would die. ''The trial cannot proceed,'' said the Caterpillar. ''Well, I''ve tried hedges,'' the Pigeon.', 4, '2020-08-17');
INSERT INTO public.posts VALUES (42, 1, 'Delectus in optio non tenetur commodi in nobis quas.', 'English,'' thought Alice; ''but a grin without a grin,'' thought Alice; but she did not notice this question, but hurriedly went on, looking anxiously about as it happens; and if I like being that person, I''ll come up: if not, I''ll stay down here till I''m somebody else"--but, oh dear!'' cried Alice, jumping up in great disgust, and walked a little pattering of feet in the kitchen that did not like to be done, I wonder?'' As she said to herself; ''I should like to see it quite plainly through the.', 4, '2020-08-18');
INSERT INTO public.posts VALUES (43, 3, 'Qui voluptatem veniam aut quidem ea.', 'Queen merely remarking as it was indeed: she was small enough to drive one crazy!'' The Footman seemed to listen, the whole she thought it must be removed,'' said the Gryphon. ''How the creatures argue. It''s enough to try the experiment?'' ''HE might bite,'' Alice cautiously replied, not feeling at all a pity. I said "What for?"'' ''She boxed the Queen''s hedgehog just now, only it ran away when it saw mine coming!'' ''How do you mean "purpose"?'' said Alice. ''And ever since that,'' the Hatter said.', 4, '2020-08-16');
INSERT INTO public.posts VALUES (44, 3, 'Enim ipsum sequi voluptates minima.', 'Queen. ''I haven''t the least notice of them bowed low. ''Would you tell me,'' said Alice, who always took a minute or two, which gave the Pigeon in a great many more than nine feet high, and her face in some alarm. This time Alice waited a little, and then she noticed that the Mouse was swimming away from her as she spoke, but no result seemed to think that will be When they take us up and say "Who am I to do?'' said Alice. ''I''ve tried the little door, so she took courage, and went on in a VERY.', 4, '2020-08-16');
INSERT INTO public.posts VALUES (45, 3, 'Ea numquam provident aut laboriosam.', 'Alice doubtfully: ''it means--to--make--anything--prettier.'' ''Well, then,'' the Gryphon at the top of her head through the glass, and she had put the Lizard as she went on talking: ''Dear, dear! How queer everything is to-day! And yesterday things went on in a languid, sleepy voice. ''Who are YOU?'' said the Pigeon in a great hurry; ''this paper has just been reading about; and when she had drunk half the bottle, she found that it is!'' As she said to herself ''Suppose it should be like then?'' And she.', 4, '2020-08-18');
INSERT INTO public.posts VALUES (46, 3, 'Culpa corrupti et voluptatibus est ut.', 'And she squeezed herself up on tiptoe, and peeped over the fire, stirring a large ring, with the name again!'' ''I won''t indeed!'' said Alice, ''it''s very interesting. I never was so small as this before, never! And I declare it''s too bad, that it made no mark; but he now hastily began again, using the ink, that was trickling down his face, as long as you say things are worse than ever,'' thought the whole party at once took up the conversation a little. ''''Tis so,'' said the Queen. ''Never!'' said the.', 4, '2020-08-18');
INSERT INTO public.posts VALUES (47, 3, 'Eum vero cumque repellat quis.', 'The table was a large plate came skimming out, straight at the White Rabbit, who was beginning to feel a little queer, won''t you?'' ''Not a bit,'' said the Footman, and began whistling. ''Oh, there''s no use speaking to it,'' she said to one of them even when they liked, so that it signifies much,'' she said to Alice, she went on, ''you see, a dog growls when it''s pleased. Now I growl when I''m pleased, and wag my tail when I''m angry. Therefore I''m mad.'' ''I call it sad?'' And she squeezed herself up on.', 4, '2020-08-18');
INSERT INTO public.posts VALUES (48, 3, 'Atque est sint porro qui et architecto ullam et.', 'Alice, surprised at her feet in the wood,'' continued the Gryphon. Alice did not get dry again: they had settled down in an offended tone. And she kept fanning herself all the things get used up.'' ''But what am I to do it?'' ''In my youth,'' Father William replied to his son, ''I feared it might belong to one of the court. All this time she heard a little while, however, she again heard a little timidly: ''but it''s no use now,'' thought Alice, ''as all the while, till at last turned sulky, and would.', 4, '2020-08-19');
INSERT INTO public.posts VALUES (49, 4, 'Est occaecati et quis aperiam maxime tempore ex.', 'I don''t take this child away with me,'' thought Alice, and, after waiting till she had put on his flappers, ''--Mystery, ancient and modern, with Seaography: then Drawling--the Drawling-master was an old conger-eel, that used to call him Tortoise--'' ''Why did they live at the moment, ''My dear! I wish I had not gone (We know it was over at last: ''and I do so like that curious song about the games now.'' CHAPTER X. The Lobster Quadrille is!'' ''No, indeed,'' said Alice. ''Of course it was,'' he said.', 4, '2020-08-16');
INSERT INTO public.posts VALUES (50, 4, 'Impedit et enim quibusdam placeat cupiditate.', 'I''m sure she''s the best way you have of putting things!'' ''It''s a pun!'' the King said, for about the temper of your nose-- What made you so awfully clever?'' ''I have answered three questions, and that he had never been so much contradicted in her haste, she had put the hookah out of its mouth, and addressed her in an impatient tone: ''explanations take such a subject! Our family always HATED cats: nasty, low, vulgar things! Don''t let him know she liked them best, For this must be really offended.', 4, '2020-08-18');
INSERT INTO public.posts VALUES (51, 4, 'Nihil recusandae ut omnis.', 'Bill, the Lizard) could not make out which were the two sides of the shelves as she had succeeded in bringing herself down to nine inches high. CHAPTER VI. Pig and Pepper For a minute or two, it was talking in his turn; and both creatures hid their faces in their proper places--ALL,'' he repeated with great curiosity. ''Soles and eels, of course,'' said the Mock Turtle persisted. ''How COULD he turn them out of their hearing her; and the others took the least notice of them with the next question.', 4, '2020-08-17');
INSERT INTO public.posts VALUES (52, 4, 'Dignissimos asperiores molestiae non.', 'I look like it?'' he said. ''Fifteenth,'' said the King; and the shrill voice of thunder, and people began running when they passed too close, and waving their forepaws to mark the time, while the Mock Turtle angrily: ''really you are painting those roses?'' Five and Seven said nothing, but looked at the cook, to see if she was quite surprised to find that she knew that were of the song. ''What trial is it?'' Alice panted as she added, ''and the moral of that is--"The more there is of yours."'' ''Oh, I.', 4, '2020-08-19');
INSERT INTO public.posts VALUES (53, 4, 'Distinctio eius voluptatem praesentium distinctio quia praesentium labore.', 'Gryphon. ''They can''t have anything to say, she simply bowed, and took the watch and looked anxiously round, to make out what it was: she was small enough to drive one crazy!'' The Footman seemed to listen, the whole window!'' ''Sure, it does, yer honour: but it''s an arm, yer honour!'' (He pronounced it ''arrum.'') ''An arm, you goose! Who ever saw one that size? Why, it fills the whole pack of cards: the Knave of Hearts, he stole those tarts, And took them quite away!'' ''Consider your verdict,'' he.', 4, '2020-08-15');
INSERT INTO public.posts VALUES (54, 4, 'Quidem architecto tempore earum repudiandae dolorum delectus itaque.', 'Alice thought to herself. At this moment Alice felt that she was as much use in waiting by the time they were lying on the other was sitting on the twelfth?'' Alice went timidly up to them she heard one of the creature, but on second thoughts she decided on going into the court, by the pope, was soon submitted to by all three to settle the question, and they all looked so grave and anxious.) Alice could not remember ever having seen in her hand, watching the setting sun, and thinking of little.', 4, '2020-08-18');


--
-- Data for Name: users; Type: TABLE DATA; Schema: public; Owner: dbuser
--

INSERT INTO public.users VALUES (1, 'Alpha', 'Alpha@mail.com', '$2y$13$nJRCATa9CPUwKxhU1AjIh.hjGe7UKUSg7XrTMDEgJJ70Pr1NsBYM2', 'Alpha_auth', '2012-03-12 07:01:52', NULL);
INSERT INTO public.users VALUES (2, 'Beta', 'Beta@mail.com', '$2y$13$/N2ZiDXo/WWhamdUd.9YBO5rUbnQZASMAGkZDpnan17iPd38E3LE.', 'Beta_auth', '2019-04-02 08:37:34', NULL);
INSERT INTO public.users VALUES (3, 'Gamma', 'Gamma@mail.com', '$2y$13$CzyX7qv89xCeDiscuu36KeT2DA1yYCGONvwQQRLvvrwAIgrEd2nQO', 'Gamma_auth', '2018-12-05 09:23:46', NULL);
INSERT INTO public.users VALUES (4, 'Delta', 'Delta@mail.com', '$2y$13$TRPmttSsCgpYFg61QZRlHurVU8z.il6XfPAFIBkje2kU0nSMyMrTe', 'Delta_auth', '2013-04-15 15:59:27', NULL);


--
-- Name: categories_id_seq; Type: SEQUENCE SET; Schema: public; Owner: dbuser
--

SELECT pg_catalog.setval('public.categories_id_seq', 4, true);


--
-- Name: comments_id_seq; Type: SEQUENCE SET; Schema: public; Owner: dbuser
--

SELECT pg_catalog.setval('public.comments_id_seq', 111, true);


--
-- Name: posts_id_seq; Type: SEQUENCE SET; Schema: public; Owner: dbuser
--

SELECT pg_catalog.setval('public.posts_id_seq', 54, true);


--
-- Name: users_id_seq; Type: SEQUENCE SET; Schema: public; Owner: dbuser
--

SELECT pg_catalog.setval('public.users_id_seq', 4, true);


--
-- Name: categories categories_name_key; Type: CONSTRAINT; Schema: public; Owner: dbuser
--

ALTER TABLE ONLY public.categories
    ADD CONSTRAINT categories_name_key UNIQUE (name);


--
-- Name: categories categories_pkey; Type: CONSTRAINT; Schema: public; Owner: dbuser
--

ALTER TABLE ONLY public.categories
    ADD CONSTRAINT categories_pkey PRIMARY KEY (id);


--
-- Name: comments comments_pkey; Type: CONSTRAINT; Schema: public; Owner: dbuser
--

ALTER TABLE ONLY public.comments
    ADD CONSTRAINT comments_pkey PRIMARY KEY (id);


--
-- Name: posts posts_name_key; Type: CONSTRAINT; Schema: public; Owner: dbuser
--

ALTER TABLE ONLY public.posts
    ADD CONSTRAINT posts_name_key UNIQUE (name);


--
-- Name: posts posts_pkey; Type: CONSTRAINT; Schema: public; Owner: dbuser
--

ALTER TABLE ONLY public.posts
    ADD CONSTRAINT posts_pkey PRIMARY KEY (id);


--
-- Name: users users_email_key; Type: CONSTRAINT; Schema: public; Owner: dbuser
--

ALTER TABLE ONLY public.users
    ADD CONSTRAINT users_email_key UNIQUE (email);


--
-- Name: users users_pkey; Type: CONSTRAINT; Schema: public; Owner: dbuser
--

ALTER TABLE ONLY public.users
    ADD CONSTRAINT users_pkey PRIMARY KEY (id);


--
-- Name: users users_username_key; Type: CONSTRAINT; Schema: public; Owner: dbuser
--

ALTER TABLE ONLY public.users
    ADD CONSTRAINT users_username_key UNIQUE (username);


--
-- Name: idx-comments-post_id; Type: INDEX; Schema: public; Owner: dbuser
--

CREATE INDEX "idx-comments-post_id" ON public.comments USING btree (post_id);


--
-- Name: idx-comments-user_id; Type: INDEX; Schema: public; Owner: dbuser
--

CREATE INDEX "idx-comments-user_id" ON public.comments USING btree (user_id);


--
-- Name: idx-posts-author_id; Type: INDEX; Schema: public; Owner: dbuser
--

CREATE INDEX "idx-posts-author_id" ON public.posts USING btree (author_id);


--
-- Name: idx-posts-category_id; Type: INDEX; Schema: public; Owner: dbuser
--

CREATE INDEX "idx-posts-category_id" ON public.posts USING btree (category_id);


--
-- Name: comments fk-comments-post_id; Type: FK CONSTRAINT; Schema: public; Owner: dbuser
--

ALTER TABLE ONLY public.comments
    ADD CONSTRAINT "fk-comments-post_id" FOREIGN KEY (post_id) REFERENCES public.posts(id) ON DELETE SET NULL;


--
-- Name: comments fk-comments-user_id; Type: FK CONSTRAINT; Schema: public; Owner: dbuser
--

ALTER TABLE ONLY public.comments
    ADD CONSTRAINT "fk-comments-user_id" FOREIGN KEY (user_id) REFERENCES public.users(id) ON DELETE CASCADE;


--
-- Name: posts fk-posts-author_id; Type: FK CONSTRAINT; Schema: public; Owner: dbuser
--

ALTER TABLE ONLY public.posts
    ADD CONSTRAINT "fk-posts-author_id" FOREIGN KEY (author_id) REFERENCES public.users(id) ON DELETE CASCADE;


--
-- Name: posts fk-posts-category_id; Type: FK CONSTRAINT; Schema: public; Owner: dbuser
--

ALTER TABLE ONLY public.posts
    ADD CONSTRAINT "fk-posts-category_id" FOREIGN KEY (category_id) REFERENCES public.categories(id) ON DELETE CASCADE;


--
-- PostgreSQL database dump complete
--

